,,,Trigger SFT_GunStart Applied Dither
Time,Time,Shot,Value (Seconds)
1660360170.541810,03:09:30.541810,5710,0.44200000
1660360182.801807,03:09:42.801807,5712,0.96500000
1660360194.835808,03:09:54.835808,5714,0.99000000
1660360206.442810,03:10:06.442810,5716,0.70700000
1660360218.559807,03:10:18.559807,5718,0.95700000
1660360230.135810,03:10:30.135810,5720,0.62000000
1660360242.591810,03:10:42.591810,5722,0.97300000
1660360254.385807,03:10:54.385807,5724,0.99700000
1660360265.969810,03:11:05.969810,5726,0.79800000
1660360278.012811,03:11:18.012811,5728,0.93500000
1660360289.988809,03:11:29.988809,5730,0.99700000
1660360301.453811,03:11:41.453811,5732,0.58400000
1660360312.665808,03:11:52.665808,5734,0.19300000
1660360324.768810,03:12:04.768810,5736,0.20900000
1660360336.928811,03:12:16.928811,5738,0.42100000
1660360348.990807,03:12:28.990807,5740,0.68500000
1660360360.722810,03:12:40.722810,5742,0.39700000
1660360372.677807,03:12:52.677807,5744,0.82100000
1660360384.538808,03:13:04.538808,5746,0.74800000
1660360396.356810,03:13:16.356810,5748,0.65600000
1660360408.516807,03:13:28.516807,5750,0.96300000
1660360420.363809,03:13:40.363809,5752,0.80700000
1660360431.884806,03:13:51.884806,5754,0.36300000
1660360443.058810,03:14:03.058810,5756,0.04000000
1660360454.998806,03:14:14.998806,5758,0.49000000
1660360467.221807,03:14:27.221807,5760,0.83700000
1660360478.827810,03:14:38.827810,5762,0.94900000
1660360490.311807,03:14:50.311807,5764,0.73300000
1660360501.851811,03:15:01.851811,5766,0.63300000
1660360513.467807,03:15:13.467807,5768,0.70400000
1660360525.576810,03:15:25.576810,5770,0.84000000
1660360536.908806,03:15:36.908806,5772,0.60700000
1660360548.315811,03:15:48.315811,5774,0.42700000
1660360560.041807,03:16:00.041807,5776,0.59400000
1660360571.693811,03:16:11.693811,5778,0.83800000
1660360583.502807,03:16:23.502807,5780,0.83100000
1660360594.649811,03:16:34.649811,5782,0.40200000
1660360606.674807,03:16:46.674807,5784,0.96000000
1660360618.072811,03:16:58.072811,5786,0.62200000
1660360629.036809,03:17:09.036809,5788,0.19200000
1660360640.950812,03:17:20.950812,5790,0.58900000
1660360652.759808,03:17:32.759808,5792,0.83400000
1660360664.226812,03:17:44.226812,5794,0.84500000
1660360675.296810,03:17:55.296810,5796,0.50400000
1660360687.352812,03:18:07.352812,5798,0.93600000
1660360698.686809,03:18:18.686809,5800,0.80100000
1660360709.938808,03:18:29.938808,5802,0.56200000
1660360721.840809,03:18:41.840809,5804,0.90900000
1660360733.518807,03:18:53.518807,5806,0.84400000
1660360745.040809,03:19:05.040809,5808,0.71000000
1660360756.278807,03:19:16.278807,5810,0.45300000
1660360768.050810,03:19:28.050810,5812,0.70600000
1660360779.875807,03:19:39.875807,5814,0.87700000
1660360791.485809,03:19:51.485809,5816,0.99200000
1660360803.088807,03:20:03.088807,5818,0.83300000
1660360814.703809,03:20:14.703809,5820,0.82800000
1660360825.844808,03:20:25.844808,5822,0.49200000
1660360838.002808,03:20:38.002808,5824,0.84200000
1660360849.672807,03:20:49.672807,5826,0.89900000
1660360861.135809,03:21:01.135809,5828,0.69600000
1660360872.067808,03:21:12.067808,5830,0.29000000
1660360884.391809,03:21:24.391809,5832,0.77200000
1660360896.263811,03:21:36.263811,5834,0.99700000
1660360907.346809,03:21:47.346809,5836,0.55500000
1660360919.111807,03:21:59.111807,5838,0.99100000
1660360930.415809,03:22:10.415809,5840,0.61100000
1660360942.314806,03:22:22.314806,5842,0.94200000
1660360953.834809,03:22:33.834809,5844,0.94300000
1660360964.939805,03:22:44.939805,5846,0.45700000
1660360976.508811,03:22:56.508811,5848,0.27300000
1660360988.090808,03:23:08.090808,5850,0.55900000
1660361000.300809,03:23:20.300809,5852,0.86000000
1660361011.521807,03:23:31.521807,5854,0.53900000
1660361022.911811,03:23:42.911811,5856,0.23900000
1660361035.026808,03:23:55.026808,5858,0.62900000
1660361046.001810,03:24:06.001810,5860,0.16500000
1660361057.781808,03:24:17.781808,5862,0.25800000
1660361069.701810,03:24:29.701810,5864,0.72400000
1660361080.993809,03:24:40.993809,5866,0.49800000
1660361092.354807,03:24:52.354807,5868,0.10800000
1660361104.645807,03:25:04.645807,5870,0.57900000
1660361116.851808,03:25:16.851808,5872,0.70100000
1660361129.005809,03:25:29.005809,5874,0.61100000
1660361141.080811,03:25:41.080811,5876,0.52800000
1660361153.245807,03:25:53.245807,5878,0.67200000
1660361165.644808,03:26:05.644808,5880,0.94900000
1660361177.361811,03:26:17.361811,5882,0.76500000
1660361190.189810,03:26:30.189810,5884,0.84200000
1660361202.226812,03:26:42.226812,5886,0.37500000
1660361214.812806,03:26:54.812806,5888,0.24500000
1660361227.907811,03:27:07.907811,5890,0.76200000
1660361240.483811,03:27:20.483811,5892,0.69100000
1660361253.270810,03:27:33.270810,5894,0.83300000
1660361265.581806,03:27:45.581806,5896,0.57800000
1660361277.989808,03:27:57.989808,5898,0.56200000
1660361290.633808,03:28:10.633808,5900,0.87600000
1660361303.427808,03:28:23.427808,5902,0.92900000
1660361315.472809,03:28:35.472809,5904,0.45600000
1660361328.752807,03:28:48.752807,5906,0.91400000
1660361341.424807,03:29:01.424807,5908,0.94600000
1660361353.689808,03:29:13.689808,5910,0.55100000
1660361366.149808,03:29:26.149808,5912,0.24700000
1660361378.455810,03:29:38.455810,5914,0.04400000
1660361391.285809,03:29:51.285809,5916,0.20400000
1660361404.295809,03:30:04.295809,5918,0.48000000
1660361417.044808,03:30:17.044808,5920,0.91000000
1660361429.189810,03:30:29.189810,5922,0.79000000
1660361441.144806,03:30:41.144806,5924,0.99400000
1660361453.075808,03:30:53.075808,5926,0.65100000
1660361465.344809,03:31:05.344809,5928,0.59400000
1660361477.629810,03:31:17.629810,5930,0.59800000
1660361489.883807,03:31:29.883807,5932,0.61700000
1660361502.557807,03:31:42.557807,5934,0.96100000
1660361514.231809,03:31:54.231809,5936,0.62400000
1660361526.491811,03:32:06.491811,5938,0.77800000
1660361537.856808,03:32:17.856808,5940,0.59100000
1660361549.626810,03:32:29.626810,5942,0.58100000
1660361561.346807,03:32:41.346807,5944,0.78600000
1660361572.465806,03:32:52.465806,5946,0.31100000
1660361584.883814,03:33:04.883814,5948,0.82300000
1660361596.320810,03:33:16.320810,5950,0.54100000
1660361608.154807,03:33:28.154807,5952,0.71600000
1660361620.083809,03:33:40.083809,5954,0.97500000
1660361631.493807,03:33:51.493807,5956,0.51400000
1660361643.121810,03:34:03.121810,5958,0.33400000
1660361654.343807,03:34:14.343807,5960,0.08300000
1660361666.472809,03:34:26.472809,5962,0.49400000
1660361678.862811,03:34:38.862811,5964,0.89100000
1660361690.490807,03:34:50.490807,5966,0.91400000
1660361702.021810,03:35:02.021810,5968,0.89000000
1660361713.540808,03:35:13.540808,5970,0.58900000
1660361724.812807,03:35:24.812807,5972,0.38800000
1660361736.828809,03:35:36.828809,5974,0.60300000
1660361748.406812,03:35:48.406812,5976,0.82300000
1660361759.662816,03:35:59.662816,5978,0.34400000
1660361771.755812,03:36:11.755812,5980,0.67300000
1660361783.439809,03:36:23.439809,5982,0.80100000
1660361795.127811,03:36:35.127811,5984,0.80300000
1660361806.434809,03:36:46.434809,5986,0.71400000
1660361818.058807,03:36:58.058807,5988,0.58600000
1660361829.407810,03:37:09.407810,5990,0.36100000
1660361841.704811,03:37:21.704811,5992,0.97800000
1660361853.221809,03:37:33.221809,5994,0.84800000
1660361864.240807,03:37:44.240807,5996,0.53600000
1660361876.647809,03:37:56.647809,5998,0.95800000
1660361887.506808,03:38:07.506808,6000,0.50500000
1660361899.375810,03:38:19.375810,6002,0.81800000
1660361911.144807,03:38:31.144807,6004,0.95800000
1660361922.527811,03:38:42.527811,6006,0.71200000
1660361934.280807,03:38:54.280807,6008,0.99400000
1660361945.634813,03:39:05.634813,6010,0.90800000
1660361957.116809,03:39:17.116809,6012,0.81600000
1660361968.990811,03:39:28.990811,6014,0.90600000
1660361980.338809,03:39:40.338809,6016,0.72200000
1660361991.538807,03:39:51.538807,6018,0.35000000
1660362003.999806,03:40:03.999806,6020,1.00000000
1660362014.998806,03:40:14.998806,6022,0.56900000
1660362026.429810,03:40:26.429810,6024,0.63500000
1660362038.395807,03:40:38.395807,6026,0.94900000
1660362049.644811,03:40:49.644811,6028,0.61300000
1660362061.594807,03:41:01.594807,6030,0.82600000
1660362072.544807,03:41:12.544807,6032,0.34800000
1660362084.488808,03:41:24.488808,6034,0.81000000
1660362096.247811,03:41:36.247811,6036,0.93300000
1660362107.684809,03:41:47.684809,6038,0.77300000
1660362118.924808,03:41:58.924808,6040,0.51800000
1660362130.747809,03:42:10.747809,6042,0.63800000
1660362142.502807,03:42:22.502807,6044,0.96000000
1660362153.695810,03:42:33.695810,6046,0.52100000
1660362165.597807,03:42:45.597807,6048,0.94900000
1660362176.946809,03:42:56.946809,6050,0.91400000
1660362188.659807,03:43:08.659807,6052,0.93000000
1660362199.784807,03:43:19.784807,6054,0.65400000
1660362211.322809,03:43:31.322809,6056,0.51100000
1660362222.934806,03:43:42.934806,6058,0.79200000
1660362234.710809,03:43:54.710809,6060,0.56200000
1660362246.658811,03:44:06.658811,6062,0.98500000
1660362257.818810,03:44:17.818810,6064,0.63900000
1660362269.496807,03:44:29.496807,6066,0.72600000
1660362280.466811,03:44:40.466811,6068,0.30900000
1660362292.594807,03:44:52.594807,6070,0.65100000
1660362304.092811,03:45:04.092811,6072,0.97500000
1660362315.313808,03:45:15.313808,6074,0.83100000
1660362327.430810,03:45:27.430810,6076,0.94500000
1660362338.694808,03:45:38.694808,6078,0.60900000
1660362350.261812,03:45:50.261812,6080,0.84000000
1660362362.300808,03:46:02.300808,6082,0.94700000
1660362373.856811,03:46:13.856811,6084,0.89100000
1660362385.003809,03:46:25.003809,6086,0.69100000
1660362397.062811,03:46:37.062811,6088,0.85400000
1660362408.315810,03:46:48.315810,6090,0.46400000
1660362420.236811,03:47:00.236811,6092,0.81600000
1660362431.629809,03:47:11.629809,6094,0.71600000
1660362443.252806,03:47:23.252806,6096,0.41200000
1660362454.945809,03:47:34.945809,6098,0.88600000
1660362466.627807,03:47:46.627807,6100,0.89100000
1660362478.451809,03:47:58.451809,6102,0.98900000
1660362489.805807,03:48:09.805807,6104,0.79600000
1660362500.912811,03:48:20.912811,6106,0.31100000
1660362512.864807,03:48:32.864807,6108,0.57200000
1660362524.977809,03:48:44.977809,6110,0.88800000
1660362535.828808,03:48:55.828808,6112,0.60300000
1660362547.730811,03:49:07.730811,6114,0.85400000
1660362558.962808,03:49:18.962808,6116,0.39500000
1660362570.740811,03:49:30.740811,6118,0.56300000
1660362582.441809,03:49:42.441809,6120,0.99300000
1660362594.139811,03:49:54.139811,6122,0.78800000
1660362605.684809,03:50:05.684809,6124,0.77900000
1660362617.351812,03:50:17.351812,6126,0.88700000
1660362628.944807,03:50:28.944807,6128,0.77200000
1660362640.272813,03:50:40.272813,6130,0.33000000
1660362651.952808,03:50:51.952808,6132,0.75000000
1660362663.534808,03:51:03.534808,6134,0.79100000
1660362675.441808,03:51:15.441808,6136,0.84900000
1660362687.117811,03:51:27.117811,6138,0.80000000
1660362698.487808,03:51:38.487808,6140,0.72900000
1660362710.045807,03:51:50.045807,6142,0.39700000
1660362721.913809,03:52:01.913809,6144,0.93800000
1660362733.467807,03:52:13.467807,6146,0.75900000
1660362745.222808,03:52:25.222808,6148,0.89400000
1660362756.730812,03:52:36.730812,6150,0.65600000
1660362768.016810,03:52:48.016810,6152,0.43500000
1660362780.235811,03:53:00.235811,6154,0.94500000
1660362791.510811,03:53:11.510811,6156,0.48800000
1660362803.211812,03:53:23.211812,6158,0.86700000
1660362814.721809,03:53:34.721809,6160,0.50500000
1660362826.727806,03:53:46.727806,6162,0.77000000
1660362838.435809,03:53:58.435809,6164,0.97000000
1660362849.756806,03:54:09.756806,6166,0.85600000
1660362860.946810,03:54:20.946810,6168,0.57300000
1660362872.154808,03:54:32.154808,6170,0.10700000
1660362884.037811,03:54:44.037811,6172,0.45000000
1660362895.771808,03:54:55.771808,6174,0.73900000
1660362907.323811,03:55:07.323811,6176,0.92100000
1660362919.236807,03:55:19.236807,6178,0.87500000
1660362930.590811,03:55:30.590811,6180,0.89900000
1660362942.254807,03:55:42.254807,6182,0.93900000
1660362953.810811,03:55:53.810811,6184,0.91100000
1660362965.063809,03:56:05.063809,6186,0.64400000
1660362976.651808,03:56:16.651808,6188,0.88000000
1660362988.563808,03:56:28.563808,6190,0.98700000
1660362999.776808,03:56:39.776808,6192,0.86700000
1660363010.810811,03:56:50.810811,6194,0.51600000
1660363021.899809,03:57:01.899809,6196,0.13500000
1660363034.202811,03:57:14.202811,6198,0.73000000
1660363045.505809,03:57:25.505809,6200,0.27700000
1660363057.227811,03:57:37.227811,6202,0.58800000
1660363069.299806,03:57:49.299806,6204,0.99400000
1660363080.788810,03:58:00.788810,6206,0.70300000
1660363091.767809,03:58:11.767809,6208,0.34500000
1660363104.267809,03:58:24.267809,6210,0.94900000
1660363115.596807,03:58:35.596807,6212,0.74600000
1660363127.515809,03:58:47.515809,6214,0.88100000
1660363138.555808,03:58:58.555808,6216,0.41300000
1660363150.657810,03:59:10.657810,6218,0.85600000
1660363162.127807,03:59:22.127807,6220,0.73200000
1660363173.965809,03:59:33.965809,6222,0.94300000
1660363185.498807,03:59:45.498807,6224,0.96800000
1660363196.536810,03:59:56.536810,6226,0.48500000
1660363208.718807,04:00:08.718807,6228,0.86100000
1660363220.211809,04:00:20.211809,6230,0.89200000
1660363231.749807,04:00:31.749807,6232,0.84200000
1660363243.217810,04:00:43.217810,6234,0.74500000
1660363254.982808,04:00:54.982808,6236,0.94800000
1660363266.196811,04:01:06.196811,6238,0.55600000
1660363278.153807,04:01:18.153807,6240,0.96600000
1660363289.648810,04:01:29.648810,6242,0.82300000
1660363301.409807,04:01:41.409807,6244,0.94700000
1660363312.515811,04:01:52.515811,6246,0.70300000
1660363323.758809,04:02:03.758809,6248,0.33200000
1660363335.557812,04:02:15.557812,6250,0.39700000
1660363346.558809,04:02:26.558809,6252,0.15600000
1660363358.662812,04:02:38.662812,6254,0.34600000
1660363370.427808,04:02:50.427808,6256,0.46300000
1660363382.493810,04:03:02.493810,6258,0.84700000
1660363393.695808,04:03:13.695808,6260,0.70300000
1660363405.663810,04:03:25.663810,6262,0.93600000
1660363416.979807,04:03:36.979807,6264,0.89600000
1660363428.558811,04:03:48.558811,6266,0.86400000
1660363439.736808,04:03:59.736808,6268,0.38800000
1660363451.955810,04:04:11.955810,6270,0.79700000
1660363463.341807,04:04:23.341807,6272,0.83300000
1660363474.496811,04:04:34.496811,6274,0.42000000
1660363486.424807,04:04:46.424807,6276,0.93800000
1660363497.702812,04:04:57.702812,6278,0.61200000
1660363509.782808,04:05:09.782808,6280,0.94300000
1660363521.171810,04:05:21.171810,6282,0.79200000
1660363533.082806,04:05:33.082806,6284,0.99900000
1660363544.069812,04:05:44.069812,6286,0.57300000
1660363555.824808,04:05:55.824808,6288,0.59800000
1660363567.219812,04:06:07.219812,6290,0.43800000
1660363578.632809,04:06:18.632809,6292,0.13500000
1660363590.481811,04:06:30.481811,6294,0.47100000
1660363602.102808,04:06:42.102808,6296,0.68900000
1660363613.754810,04:06:53.754810,6298,0.58900000
1660363624.982809,04:07:04.982809,6300,0.44000000
1660363637.097812,04:07:17.097812,6302,0.70000000
1660363648.393808,04:07:28.393808,6304,0.61400000
1660363660.106812,04:07:40.106812,6306,0.72900000
1660363671.311809,04:07:51.311809,6308,0.32000000
1660363683.518809,04:08:03.518809,6310,0.92500000
1660363694.582809,04:08:14.582809,6312,0.65500000
1660363706.072806,04:08:26.072806,6314,0.65500000
1660363717.765809,04:08:37.765809,6316,0.81600000
1660363729.141807,04:08:49.141807,6318,0.60500000
1660363741.016808,04:09:01.016808,6320,0.92200000
1660363752.278807,04:09:12.278807,6322,0.53600000
1660363764.437809,04:09:24.437809,6324,0.94600000
1660363776.078811,04:09:36.078811,6326,0.73200000
1660363787.272808,04:09:47.272808,6328,0.62500000
1660363798.923812,04:09:58.923812,6330,0.50100000
1660363810.698809,04:10:10.698809,6332,0.74700000
1660363821.862807,04:10:21.862807,6334,0.28700000
1660363833.311810,04:10:33.311810,6336,0.25700000
1660363845.272807,04:10:45.272807,6338,0.74500000
1660363856.656810,04:10:56.656810,6340,0.38700000
1660363868.444807,04:11:08.444807,6342,0.72900000
1660363879.492811,04:11:19.492811,6344,0.26600000
1660363891.151808,04:11:31.151808,6346,0.18400000
1660363903.104810,04:11:43.104810,6348,0.69000000
1660363915.128807,04:11:55.128807,6350,0.83100000
1660363926.272810,04:12:06.272810,6352,0.94800000
1660363937.548808,04:12:17.548808,6354,0.63600000
1660363949.823809,04:12:29.823809,6356,0.99800000
1660363961.245807,04:12:41.245807,6358,0.99900000
1660363972.963809,04:12:52.963809,6360,0.75100000
1660363984.957806,04:13:04.957806,6362,0.99600000
1660363996.296809,04:13:16.296809,6364,1.00000000
1660364007.583807,04:13:27.583807,6366,0.59800000
1660364018.757812,04:13:38.757812,6368,0.48300000
1660364030.786808,04:13:50.786808,6370,0.74500000
1660364041.808807,04:14:01.808807,6372,0.44000000
1660364054.221807,04:14:14.221807,6374,0.95600000
1660364065.907810,04:14:25.907810,6376,0.96000000
1660364076.970808,04:14:36.970808,6378,0.60900000
1660364088.558811,04:14:48.558811,6380,0.48200000
1660364100.410807,04:15:00.410807,6382,0.77500000
1660364111.766811,04:15:11.766811,6384,0.55400000
1660364123.695808,04:15:23.695808,6386,0.95500000
1660364135.160810,04:15:35.160810,6388,0.92000000
1660364146.523809,04:15:46.523809,6390,0.52700000
1660364158.476811,04:15:58.476811,6392,0.97000000
1660364169.982808,04:16:09.982808,6394,0.93700000
1660364181.616811,04:16:21.616811,6396,0.93800000
1660364193.290808,04:16:33.290808,6398,0.97200000
1660364204.587812,04:16:44.587812,6400,0.77200000
1660364215.846809,04:16:55.846809,6402,0.51300000
1660364227.291806,04:17:07.291806,6404,0.08900000
1660364239.040810,04:17:19.040810,6406,0.45500000
1660364251.136811,04:17:31.136811,6408,0.82300000
1660364262.624809,04:17:42.624809,6410,0.63900000
1660364274.207807,04:17:54.207807,6412,0.78200000
1660364285.364810,04:18:05.364810,6414,0.42200000
1660364297.619811,04:18:17.619811,6416,0.86000000
1660364308.714810,04:18:28.714810,6418,0.37600000
1660364320.255807,04:18:40.255807,6420,0.60800000
1660364332.186809,04:18:52.186809,6422,0.68900000
1660364343.391808,04:19:03.391808,6424,0.45500000
1660364354.542806,04:19:14.542806,6426,0.17600000
1660364366.401807,04:19:26.401807,6428,0.32900000
1660364378.537810,04:19:38.537810,6430,0.87700000
1660364389.885808,04:19:49.885808,6432,0.85000000
1660364402.076809,04:20:02.076809,6434,0.98500000
1660364413.341807,04:20:13.341807,6436,0.85800000
1660364424.682811,04:20:24.682811,6438,0.66600000
1660364436.594807,04:20:36.594807,6440,0.75900000
1660364448.230810,04:20:48.230810,6442,0.98600000
1660364459.509808,04:20:59.509808,6444,0.58800000
1660364470.854813,04:21:10.854813,6446,0.50200000
1660364482.182810,04:21:22.182810,6448,0.03500000
1660364494.369811,04:21:34.369811,6450,0.68600000
1660364506.103808,04:21:46.103808,6452,0.99100000
1660364517.338807,04:21:57.338807,6454,0.68100000
1660364529.392808,04:22:09.392808,6456,0.93100000
1660364540.746812,04:22:20.746812,6458,0.93500000
1660364551.886809,04:22:31.886809,6460,0.46200000
1660364563.923812,04:22:43.923812,6462,0.73800000
1660364575.012810,04:22:55.012810,6464,0.60200000
1660364586.905808,04:23:06.905808,6466,0.98700000
1660364598.160811,04:23:18.160811,6468,0.60100000
1660364609.738807,04:23:29.738807,6470,0.54900000
1660364621.252811,04:23:41.252811,6472,0.28900000
1660364632.790809,04:23:52.790809,6474,0.42700000
1660364644.571812,04:24:04.571812,6476,0.58300000
1660364656.597807,04:24:16.597807,6478,0.98500000
1660364668.079811,04:24:28.079811,6480,0.96500000
1660364679.260809,04:24:39.260809,6482,0.54900000
1660364691.180811,04:24:51.180811,6484,0.95300000
1660364703.092807,04:25:03.092807,6486,0.81700000
1660364714.622812,04:25:14.622812,6488,0.81900000
1660364725.889810,04:25:25.889810,6490,0.59000000
1660364738.012810,04:25:38.012810,6492,0.97900000
1660364749.432807,04:25:49.432807,6494,0.83600000
1660364760.344807,04:26:00.344807,6496,0.40000000
1660364772.032809,04:26:12.032809,6498,0.34900000
1660364783.518807,04:26:23.518807,6500,0.35300000
1660364795.803808,04:26:35.803808,6502,0.92000000
1660364807.140806,04:26:47.140806,6504,0.65800000
1660364818.807810,04:26:58.807810,6506,0.77300000
1660364830.243808,04:27:10.243808,6508,0.67400000
1660364841.780811,04:27:21.780811,6510,0.67500000
1660364853.094808,04:27:33.094808,6512,0.27800000
1660364865.073810,04:27:45.073810,6514,0.69300000
1660364876.497809,04:27:56.497809,6516,0.91300000
1660364887.938806,04:28:07.938806,6518,0.71000000
1660364899.227810,04:28:19.227810,6520,0.51300000
1660364911.271811,04:28:31.271811,6522,0.85300000
1660364922.760809,04:28:42.760809,6524,0.97900000
1660364934.071806,04:28:54.071806,6526,0.50600000
1660364945.840810,04:29:05.840810,6528,0.85500000
1660364957.164807,04:29:17.164807,6530,0.51200000
1660364969.146810,04:29:29.146810,6532,0.96300000
1660364980.800809,04:29:40.800809,6534,0.93100000
1660364992.026810,04:29:52.026810,6536,0.83400000
1660365003.595808,04:30:03.595808,6538,0.63100000
1660365014.766807,04:30:14.766807,6540,0.19500000
1660365026.478809,04:30:26.478809,6542,0.26100000
1660365038.076812,04:30:38.076812,6544,0.51000000
1660365049.918806,04:30:49.918806,6546,0.71500000
1660365061.661812,04:31:01.661812,6548,0.91200000
1660365073.059809,04:31:13.059809,6550,0.73300000
1660365084.446808,04:31:24.446808,6552,0.47900000
1660365096.560808,04:31:36.560808,6554,0.96900000
1660365108.213812,04:31:48.213812,6556,0.79400000
1660365119.396810,04:31:59.396810,6558,0.48600000
1660365130.589809,04:32:10.589809,6560,0.11600000
1660365142.615810,04:32:22.615810,6562,0.43200000
1660365154.097807,04:32:34.097807,6564,0.47600000
1660365165.973810,04:32:45.973810,6566,0.65800000
1660365178.077812,04:32:58.077812,6568,1.00000000
1660365188.923810,04:33:08.923810,6570,0.57900000
1660365201.026806,04:33:21.026806,6572,0.98900000
1660365212.428810,04:33:32.428810,6574,0.82600000
1660365223.998807,04:33:43.998807,6576,0.77500000
1660365235.020808,04:33:55.020808,6578,0.41200000
1660365246.676809,04:34:06.676809,6580,0.42700000
1660365258.631811,04:34:18.631811,6582,0.48800000
1660365269.559810,04:34:29.559810,6584,0.08600000
1660365281.484807,04:34:41.484807,6586,0.31000000
1660365292.594811,04:34:52.594811,6588,0.00100000
1660365304.628807,04:35:04.628807,6590,0.41700000
1660365316.338810,04:35:16.338810,6592,0.54700000
1660365327.775808,04:35:27.775808,6594,0.45300000
1660365339.551811,04:35:39.551811,6596,0.74900000
1660365350.888808,04:35:50.888808,6598,0.47200000
1660365363.205809,04:36:03.205809,6600,0.98100000
1660365374.335808,04:36:14.335808,6602,0.54200000
1660365385.427807,04:36:25.427807,6604,0.32900000
1660365397.441808,04:36:37.441808,6606,0.67100000
1660365409.019812,04:36:49.019812,6608,0.51100000
1660365420.952808,04:37:00.952808,6610,0.66000000
1660365432.908811,04:37:12.908811,6612,0.96700000
1660365444.077808,04:37:24.077808,6614,0.66000000
1660365455.541807,04:37:35.541807,6616,0.43300000
1660365467.125809,04:37:47.125809,6618,0.54300000
1660365479.309811,04:37:59.309811,6620,0.84500000
1660365490.260809,04:38:10.260809,6622,0.66800000
1660365501.959807,04:38:21.959807,6624,0.76500000
1660365513.705809,04:38:33.705809,6626,0.83100000
1660365524.973809,04:38:44.973809,6628,0.78200000
1660365536.794809,04:38:56.794809,6630,0.52800000
1660365548.677812,04:39:08.677812,6632,0.98500000
1660365559.829810,04:39:19.829810,6634,0.54000000
1660365571.672808,04:39:31.672808,6636,0.70500000
1660365582.988811,04:39:42.988811,6638,0.61200000
1660365594.431808,04:39:54.431808,6640,0.23300000
1660365606.429810,04:40:06.429810,6642,0.62600000
1660365617.909807,04:40:17.909807,6644,0.46500000
1660365629.958809,04:40:29.958809,6646,0.93000000
1660365641.103808,04:40:41.103808,6648,0.52400000
1660365652.996810,04:40:52.996810,6650,0.79600000
1660365664.825808,04:41:04.825808,6652,0.99600000
1660365676.220810,04:41:16.220810,6654,0.90000000
1660365687.351809,04:41:27.351809,6656,0.43500000
1660365698.490807,04:41:38.490807,6658,0.08900000
1660365710.372809,04:41:50.372809,6660,0.28200000
1660365722.484811,04:42:02.484811,6662,0.54100000
1660365734.396806,04:42:14.396806,6664,0.99000000
1660365745.652810,04:42:25.652810,6666,0.56400000
1660365756.687809,04:42:36.687809,6668,0.23400000
1660365768.824810,04:42:48.824810,6670,0.66700000
1660365779.830811,04:42:59.830811,6672,0.40600000
1660365791.555807,04:43:11.555807,6674,0.51600000
1660365802.977809,04:43:22.977809,6676,0.42500000
1660365814.544807,04:43:34.544807,6678,0.44300000
1660365826.360809,04:43:46.360809,6680,0.76800000
1660365837.964807,04:43:57.964807,6682,0.59900000
1660365849.703809,04:44:09.703809,6684,0.84100000
1660365860.980806,04:44:20.980806,6686,0.60500000
1660365872.621809,04:44:32.621809,6688,0.42900000
1660365884.667812,04:44:44.667812,6690,0.98000000
1660365896.146809,04:44:56.146809,6692,0.98100000
1660365907.671806,04:45:07.671806,6694,0.63200000
1660365919.174810,04:45:19.174810,6696,0.46800000
1660365930.292807,04:45:30.292807,6698,0.03200000
1660365941.972811,04:45:41.972811,6700,0.04400000
1660365953.890807,04:45:53.890807,6702,0.22000000
1660365965.837810,04:46:05.837810,6704,0.72700000
1660365977.527813,04:46:17.527813,6706,0.65300000
1660365989.288809,04:46:29.288809,6708,0.90600000
1660366000.693807,04:46:40.693807,6710,0.70100000
1660366012.416809,04:46:52.416809,6712,0.84000000
1660366024.086806,04:47:04.086806,6714,0.93700000
1660366035.294810,04:47:15.294810,6716,0.49000000
1660366047.394811,04:47:27.394811,6718,0.81800000
1660366058.490810,04:47:38.490810,6720,0.46000000
1660366070.317806,04:47:50.317806,6722,0.70600000
1660366081.534811,04:48:01.534811,6724,0.42000000
1660366094.014811,04:48:14.014811,6726,0.85000000
1660366105.218810,04:48:25.218810,6728,0.77200000
1660366116.839806,04:48:36.839806,6730,0.60500000
1660366128.737809,04:48:48.737809,6732,0.96000000
1660366140.282812,04:49:00.282812,6734,0.94300000
1660366151.446810,04:49:11.446810,6736,0.51700000
1660366163.329812,04:49:23.329812,6738,0.71800000
1660366174.850809,04:49:34.850809,6740,0.53900000
1660366187.052811,04:49:47.052811,6742,0.85900000
1660366198.390808,04:49:58.390808,6744,0.77800000
1660366209.929813,04:50:09.929813,6746,0.66200000
1660366221.643809,04:50:21.643809,6748,0.76500000
1660366233.431811,04:50:33.431811,6750,0.92500000
1660366245.069807,04:50:45.069807,6752,0.67400000
1660366256.193807,04:50:56.193807,6754,0.45800000
1660366268.141808,04:51:08.141808,6756,0.72700000
1660366279.368813,04:51:19.368813,6758,0.37600000
1660366291.241805,04:51:31.241805,6760,0.72100000
1660366302.801806,04:51:42.801806,6762,0.72500000
1660366314.082809,04:51:54.082809,6764,0.33200000
1660366326.323810,04:52:06.323810,6766,0.90000000
1660366337.914807,04:52:17.914807,6768,0.90600000
1660366349.051807,04:52:29.051807,6770,0.45500000
1660366360.973809,04:52:40.973809,6772,0.87900000
1660366372.564806,04:52:52.564806,6774,0.66500000
1660366383.469810,04:53:03.469810,6776,0.24300000
1660366395.314807,04:53:15.314807,6778,0.24700000
1660366406.513810,04:53:26.513810,6780,0.02000000
1660366418.468806,04:53:38.468806,6782,0.28400000
1660366429.890811,04:53:49.890811,6784,0.28100000
1660366441.699806,04:54:01.699806,6786,0.45300000
1660366453.715808,04:54:13.715808,6788,0.94000000
1660366464.707807,04:54:24.707807,6790,0.47600000
1660366476.768809,04:54:36.768809,6792,0.81300000
1660366487.909808,04:54:47.909808,6794,0.49200000
1660366499.889808,04:54:59.889808,6796,0.72300000
1660366511.242808,04:55:11.242808,6798,0.66500000
1660366522.224811,04:55:22.224811,6800,0.34600000
1660366534.397806,04:55:34.397806,6802,0.74700000
1660366546.147809,04:55:46.147809,6804,0.90400000
1660366557.671807,04:55:57.671807,6806,0.74800000
1660366568.957810,04:56:08.957810,6808,0.61800000
1660366581.138812,04:56:21.138812,6810,0.98900000
1660366593.030808,04:56:33.030808,6812,1.00000000
1660366603.965807,04:56:43.965807,6814,0.55100000
1660366615.389810,04:56:55.389810,6816,0.19500000
1660366627.188808,04:57:07.188808,6818,0.43700000
1660366639.172808,04:57:19.172808,6820,0.87500000
1660366650.947812,04:57:30.947812,6822,0.98400000
1660366662.095809,04:57:42.095809,6824,0.72000000
1660366673.318808,04:57:53.318808,6826,0.35200000
1660366684.692811,04:58:04.692811,6828,0.31900000
1660366696.658808,04:58:16.658808,6830,0.39700000
1660366707.831811,04:58:27.831811,6832,0.26200000
1660366719.899807,04:58:39.899807,6834,0.59700000
1660366731.575811,04:58:51.575811,6836,0.74200000
1660366742.999806,04:59:02.999806,6838,0.61900000
1660366755.233808,04:59:15.233808,6840,0.93100000
1660366766.787812,04:59:26.787812,6842,0.89100000
1660366777.805811,04:59:37.805811,6844,0.42300000
1660366789.793808,04:59:49.793808,6846,0.83200000
1660366801.416809,05:00:01.416809,6848,0.86900000
1660366812.848807,05:00:12.848807,6850,0.57600000
1660366824.481809,05:00:24.481809,6852,0.86000000
1660366836.300812,05:00:36.300812,6854,0.87100000
1660366847.626810,05:00:47.626810,6856,0.70300000
1660366859.165807,05:00:59.165807,6858,0.41300000
1660366871.003808,05:01:11.003808,6860,0.63700000
1660366883.047810,05:01:23.047810,6862,0.99600000
1660366894.195810,05:01:34.195810,6864,0.53300000
1660366905.590808,05:01:45.590808,6866,0.37100000
1660366917.492809,05:01:57.492809,6868,0.72700000
1660366928.719807,05:02:08.719807,6870,0.37600000
1660366940.466809,05:02:20.466809,6872,0.44400000
1660366952.116812,05:02:32.116812,6874,0.64900000
1660366963.482810,05:02:43.482810,6876,0.29200000
1660366975.424811,05:02:55.424811,6878,0.95200000
1660366987.337807,05:03:07.337807,6880,0.90800000
1660366998.564811,05:03:18.564811,6882,0.43500000
1660367010.622808,05:03:30.622808,6884,0.84500000
1660367022.319810,05:03:42.319810,6886,0.77500000
1660367033.579807,05:03:53.579807,6888,0.51300000
1660367045.377810,05:04:05.377810,6890,0.66200000
1660367056.654808,05:04:16.654808,6892,0.80900000
1660367068.567809,05:04:28.567809,6894,0.87700000
1660367079.891807,05:04:39.891807,6896,0.76700000
1660367091.404809,05:04:51.404809,6898,0.58600000
1660367103.370807,05:05:03.370807,6900,0.96200000
1660367114.812810,05:05:14.812810,6902,0.91800000
1660367126.122807,05:05:26.122807,6904,0.44700000
1660367137.847809,05:05:37.847809,6906,0.70400000
1660367149.125808,05:05:49.125808,6908,0.61800000
1660367161.189810,05:06:01.189810,6910,0.93100000
1660367172.498807,05:06:12.498807,6912,0.63400000
1660367183.707811,05:06:23.707811,6914,0.37600000
1660367196.038806,05:06:36.038806,6916,0.86800000
1660367207.395810,05:06:47.395810,6918,0.50500000
1660367218.253809,05:06:58.253809,6920,0.16000000
1660367230.948809,05:07:10.948809,6922,0.90300000
1660367242.567812,05:07:22.567812,6924,0.94700000
1660367253.961809,05:07:33.961809,6926,0.47600000
1660367265.552807,05:07:45.552807,6928,0.61300000
1660367277.419808,05:07:57.419808,6930,0.75100000
1660367289.264811,05:08:09.264811,6932,0.97600000
1660367300.535808,05:08:20.535808,6934,0.78400000
1660367312.104811,05:08:32.104811,6936,0.85400000
1660367324.124806,05:08:44.124806,6938,0.93800000
1660367335.396811,05:08:55.396811,6940,0.76000000
1660367346.914807,05:09:06.914807,6942,0.69100000
1660367357.951807,05:09:17.951807,6944,0.33300000
1660367369.842808,05:09:29.842808,6946,0.45300000
1660367381.474812,05:09:41.474812,6948,0.67300000
1660367392.996808,05:09:52.996808,6950,0.42900000
1660367404.336812,05:10:04.336812,6952,0.42400000
1660367416.428807,05:10:16.428807,6954,0.81200000
1660367427.812812,05:10:27.812812,6956,0.55200000
1660367439.032809,05:10:39.032809,6958,0.08600000
1660367451.060810,05:10:51.060810,6960,0.56100000
1660367462.722807,05:11:02.722807,6962,0.77800000
1660367474.745810,05:11:14.745810,6964,0.93200000
1660367485.881809,05:11:25.881809,6966,0.56200000
1660367496.941812,05:11:36.941812,6968,0.14600000
1660367509.008808,05:11:49.008808,6970,0.60900000
1660367521.020809,05:12:01.020809,6972,0.95000000
1660367532.096807,05:12:12.096807,6974,0.60500000
1660367543.937811,05:12:23.937811,6976,0.74000000
1660367555.500807,05:12:35.500807,6978,0.98200000
1660367566.840810,05:12:46.840810,6980,0.59700000
1660367578.363807,05:12:58.363807,6982,0.38300000
1660367589.796810,05:13:09.796810,6984,0.44200000
1660367602.031812,05:13:22.031812,6986,0.84200000
1660367613.056810,05:13:33.056810,6988,0.35800000
1660367625.322812,05:13:45.322812,6990,0.96800000
1660367636.773809,05:13:56.773809,6992,0.74900000
1660367648.384812,05:14:08.384812,6994,0.93400000
1660367659.920809,05:14:19.920809,6996,0.87600000
1660367671.490811,05:14:31.490811,6998,0.79000000
1660367683.222808,05:14:43.222808,7000,0.99800000
1660367694.338813,05:14:54.338813,7002,0.53800000
1660367705.833808,05:15:05.833808,7004,0.35600000
1660367717.231807,05:15:17.231807,7006,0.36200000
1660367729.300808,05:15:29.300808,7008,0.67000000
1660367740.700812,05:15:40.700812,7010,0.55400000
1660367752.793808,05:15:52.793808,7012,0.97700000
1660367764.163810,05:16:04.163810,7014,0.76800000
1660367775.299809,05:16:15.299809,7016,0.42500000
1660367786.611807,05:16:26.611807,7018,0.11200000
1660367798.511807,05:16:38.511807,7020,0.51200000
1660367809.715806,05:16:49.715806,7022,0.03700000
1660367821.484808,05:17:01.484808,7024,0.38300000
1660367833.371811,05:17:13.371811,7026,0.52000000
1660367844.837807,05:17:24.837807,7028,0.70500000
1660367856.240811,05:17:36.240811,7030,0.61400000
1660367868.020807,05:17:48.020807,7032,0.61800000
1660367879.871809,05:17:59.871809,7034,0.91000000
1660367891.396807,05:18:11.396807,7036,0.82500000
1660367903.201809,05:18:23.201809,7038,0.82600000
1660367914.198807,05:18:34.198807,7040,0.54500000
1660367926.250808,05:18:46.250808,7042,0.88300000
1660367937.400807,05:18:57.400807,7044,0.42700000
1660367949.500808,05:19:09.500808,7046,0.93600000
1660367960.960811,05:19:20.960811,7048,0.80100000
1660367972.604809,05:19:32.604809,7050,0.64000000
1660367984.338810,05:19:44.338810,7052,0.87400000
1660367995.764808,05:19:55.764808,7054,0.66100000
1660368007.242811,05:20:07.242811,7056,0.82600000
1660368018.702808,05:20:18.702808,7058,0.44500000
1660368030.091812,05:20:30.091812,7060,0.31500000
1660368041.803808,05:20:41.803808,7062,0.23600000
1660368053.813809,05:20:53.813809,7064,0.68600000
1660368065.499807,05:21:05.499807,7066,0.70900000
1660368076.713811,05:21:16.713811,7068,0.39700000
1660368088.383807,05:21:28.383807,7070,0.59500000
1660368100.354808,05:21:40.354808,7072,0.92600000
1660368111.769808,05:21:51.769808,7074,0.78200000
1660368123.390808,05:22:03.390808,7076,0.79000000
1660368135.112810,05:22:15.112810,7078,0.99500000
1660368146.298808,05:22:26.298808,7080,0.71200000
1660368157.675807,05:22:37.675807,7082,0.22700000
1660368169.320809,05:22:49.320809,7084,0.43900000
1660368181.211811,05:23:01.211811,7086,0.76900000
1660368192.411809,05:23:12.411809,7088,0.29300000
1660368204.323809,05:23:24.323809,7090,0.77000000
1660368215.823806,05:23:35.823806,7092,0.70000000
1660368227.753810,05:23:47.753810,7094,0.97500000
1660368239.032806,05:23:59.032806,7096,0.98300000
1660368250.595811,05:24:10.595811,7098,0.59600000
1660368262.550813,05:24:22.550813,7100,0.97200000
1660368273.940809,05:24:33.940809,7102,0.80700000
1660368285.853812,05:24:45.853812,7104,0.93500000
1660368297.153807,05:24:57.153807,7106,0.70000000
1660368309.151810,05:25:09.151810,7108,0.97900000
1660368320.771808,05:25:20.771808,7110,0.97800000
1660368331.973810,05:25:31.973810,7112,0.62000000
1660368343.100809,05:25:43.100809,7114,0.16400000
1660368355.151810,05:25:55.151810,7116,0.56900000
1660368367.084806,05:26:07.084806,7118,0.87200000
1660368378.238809,05:26:18.238809,7120,0.59300000
1660368390.088811,05:26:30.088811,7122,0.77600000
1660368401.422810,05:26:41.422810,7124,0.68800000
1660368413.088806,05:26:53.088806,7126,0.73400000
1660368424.327810,05:27:04.327810,7128,0.30300000
1660368436.367812,05:27:16.367812,7130,0.76600000
1660368447.772809,05:27:27.772809,7132,0.60800000
1660368459.620810,05:27:39.620810,7134,0.74900000
1660368470.658810,05:27:50.658810,7136,0.29300000
1660368482.559812,05:28:02.559812,7138,0.24600000
1660368494.341807,05:28:14.341807,7140,0.71400000
1660368505.806811,05:28:25.806811,7142,0.37800000
1660368517.155808,05:28:37.155808,7144,0.32600000
1660368529.104809,05:28:49.104809,7146,0.54400000
1660368540.446808,05:29:00.446808,7148,0.38100000
1660368552.541808,05:29:12.541808,7150,0.78400000
1660368563.902812,05:29:23.902812,7152,0.56900000
1660368575.644809,05:29:35.644809,7154,0.66800000
1660368587.502811,05:29:47.502811,7156,0.79400000
1660368599.040807,05:29:59.040807,7158,0.65800000
1660368610.758810,05:30:10.758810,7160,0.90000000
1660368622.079807,05:30:22.079807,7162,0.67800000
1660368633.625809,05:30:33.625809,7164,0.34600000
1660368645.469808,05:30:45.469808,7166,0.97800000
1660368657.217808,05:30:57.217808,7168,0.99100000
1660368668.288807,05:31:08.288807,7170,0.52800000
1660368680.330808,05:31:20.330808,7172,0.85700000
1660368691.380807,05:31:31.380807,7174,0.50000000
1660368703.035809,05:31:43.035809,7176,0.45500000
1660368714.431807,05:31:54.431807,7178,0.56300000
1660368726.234809,05:32:06.234809,7180,0.79900000
1660368737.579807,05:32:17.579807,7182,0.57000000
1660368748.800810,05:32:28.800810,7184,0.42300000
1660368760.484807,05:32:40.484807,7186,0.35800000
1660368771.812810,05:32:51.812810,7188,0.09700000
1660368783.579807,05:33:03.579807,7190,0.36000000
1660368795.427809,05:33:15.427809,7192,0.40700000
1660368807.248811,05:33:27.248811,7194,0.46000000
1660368818.553809,05:33:38.553809,7196,0.13800000
1660368830.445811,05:33:50.445811,7198,0.55400000
1660368842.145807,05:34:02.145807,7200,0.66100000
1660368853.597810,05:34:13.597810,7202,0.47600000
1660368865.463807,05:34:25.463807,7204,0.99400000
1660368876.718809,05:34:36.718809,7206,0.56400000
1660368887.691809,05:34:47.691809,7208,0.13500000
1660368899.752811,05:34:59.752811,7210,0.51200000
1660368911.793812,05:35:11.793812,7212,0.94900000
1660368923.500808,05:35:23.500808,7214,0.93800000
1660368934.619806,05:35:34.619806,7216,0.57500000
1660368946.462809,05:35:46.462809,7218,0.77100000
1660368958.232811,05:35:58.232811,7220,0.89500000
1660368969.651808,05:36:09.651808,7222,0.68100000
1660368981.055811,05:36:21.055811,7224,0.63200000
1660368992.813808,05:36:32.813808,7226,0.68200000
1660369004.080811,05:36:44.080811,7228,0.52800000
1660369015.612809,05:36:55.612809,7230,0.16100000
1660369027.475811,05:37:07.475811,7232,0.41600000
1660369039.474812,05:37:19.474812,7234,0.85900000
1660369050.765809,05:37:30.765809,7236,0.44900000
1660369062.189807,05:37:42.189807,7238,0.27900000
1660369074.162808,05:37:54.162808,7240,0.70200000
1660369085.512812,05:38:05.512812,7242,0.24700000
1660369097.539807,05:38:17.539807,7244,0.55900000
1660369109.443809,05:38:29.443809,7246,0.91300000
1660369120.489808,05:38:40.489808,7248,0.69500000
1660369132.575808,05:38:52.575808,7250,0.97800000
1660369143.851806,05:39:03.851806,7252,0.97800000
1660369155.461809,05:39:15.461809,7254,0.78600000
1660369166.556807,05:39:26.556807,7256,0.42700000
1660369178.459809,05:39:38.459809,7258,0.71800000
1660369189.885807,05:39:49.885807,7260,0.53200000
1660369201.945808,05:40:01.945808,7262,0.97400000
1660369213.456813,05:40:13.456813,7264,0.89500000
1660369224.463809,05:40:24.463809,7266,0.55300000
1660369236.458811,05:40:36.458811,7268,0.88700000
1660369247.700809,05:40:47.700809,7270,0.43400000
1660369259.766809,05:40:59.766809,7272,0.98600000
1660369271.533807,05:41:11.533807,7274,0.98600000
1660369282.709811,05:41:22.709811,7276,0.75800000
1660369294.340807,05:41:34.340807,7278,0.90500000
1660369305.547811,05:41:45.547811,7280,0.44300000
1660369317.656807,05:41:57.656807,7282,0.79900000
1660369329.223809,05:42:09.223809,7284,0.94800000
1660369340.666813,05:42:20.666813,7286,0.86700000
1660369352.399809,05:42:32.399809,7288,0.93100000
1660369363.710812,05:42:43.710812,7290,0.63500000
1660369375.402808,05:42:55.402808,7292,0.91700000
1660369386.811812,05:43:06.811812,7294,0.83500000
1660369398.213809,05:43:18.213809,7296,0.66400000
1660369409.572807,05:43:29.572807,7298,0.42200000
1660369421.464808,05:43:41.464808,7300,0.97300000
1660369433.148811,05:43:53.148811,7302,0.84500000
1660369444.601808,05:44:04.601808,7304,0.87000000
1660369456.160810,05:44:16.160810,7306,0.92600000
1660369467.446808,05:44:27.446808,7308,0.63000000
1660369479.415810,05:44:39.415810,7310,0.89900000
1660369490.673809,05:44:50.673809,7312,0.81900000
1660369502.024811,05:45:02.024811,7314,0.47900000
1660369513.913807,05:45:13.913807,7316,0.59700000
1660369524.972810,05:45:24.972810,7318,0.15000000
1660369536.914807,05:45:36.914807,7320,0.40300000
1660369548.680809,05:45:48.680809,7322,0.74000000
1660369560.052806,05:46:00.052806,7324,0.40700000
1660369571.784808,05:46:11.784808,7326,0.54300000
1660369582.866806,05:46:22.866806,7328,0.13000000
1660369594.937807,05:46:34.937807,7330,0.54100000
1660369606.647812,05:46:46.647812,7332,0.85300000
1660369618.237807,05:46:58.237807,7334,0.98200000
1660369629.790811,05:47:09.790811,7336,0.80300000
1660369641.302807,05:47:21.302807,7338,0.82300000
1660369652.952812,05:47:32.952812,7340,0.55200000
1660369664.269807,05:47:44.269807,7342,0.35300000
1660369675.565811,05:47:55.565811,7344,0.25900000
1660369688.055811,05:48:08.055811,7346,0.95400000
1660369699.391809,05:48:19.391809,7348,0.96900000
1660369710.990812,05:48:30.990812,7350,0.69800000
1660369722.499809,05:48:42.499809,7352,0.93700000
1660369733.936811,05:48:53.936811,7354,0.50300000
1660369746.060812,05:49:06.060812,7356,0.94400000
1660369757.498810,05:49:17.498810,7358,0.85100000
1660369768.628809,05:49:28.628809,7360,0.49600000
1660369780.621808,05:49:40.621808,7362,0.98600000
1660369791.698807,05:49:51.698807,7364,0.50700000
1660369803.500809,05:50:03.500809,7366,0.71400000
1660369815.045806,05:50:15.045806,7368,0.89600000
1660369826.380810,05:50:26.380810,7370,0.56000000
1660369838.387811,05:50:38.387811,7372,0.90500000
1660369850.083808,05:50:50.083808,7374,0.95000000
1660369861.580811,05:51:01.580811,7376,0.83800000
1660369873.318807,05:51:13.318807,7378,0.95100000
1660369884.235806,05:51:24.235806,7380,0.48300000
1660369896.059808,05:51:36.059808,7382,0.43800000
1660369907.678812,05:51:47.678812,7384,0.57800000
1660369919.497808,05:51:59.497808,7386,0.87700000
1660369930.785811,05:52:10.785811,7388,0.55900000
1660369953.649811,05:52:33.649811,7392,0.18500000
1660369965.459807,05:52:45.459807,7394,0.25600000
1660369977.357809,05:52:57.357809,7396,0.79400000
1660369988.736812,05:53:08.736812,7398,0.55400000
1660370000.182808,05:53:20.182808,7400,0.33500000
1660370011.459806,05:53:31.459806,7402,0.28900000
1660370023.465808,05:53:43.465808,7404,0.69500000
1660370035.398810,05:53:55.398810,7406,0.91300000
1660370058.034810,05:54:18.034810,7410,0.43600000
1660370070.208795,05:54:30.208795,7412,0.77100000
1660370081.380810,05:54:41.380810,7414,0.58400000
1660370093.199808,05:54:53.199808,7416,0.99800000
1660370104.686809,05:55:04.686809,7418,0.59100000
1660370115.640808,05:55:15.640808,7420,0.14200000
1660370127.864808,05:55:27.864808,7422,0.63600000
1660370139.273812,05:55:39.273812,7424,0.27900000
1660370150.808809,05:55:50.808809,7426,0.35100000
1660370162.421811,05:56:02.421811,7428,0.35800000
1660370174.464807,05:56:14.464807,7430,0.64400000
1660370185.940811,05:56:25.940811,7432,0.58000000
1660370197.241807,05:56:37.241807,7434,0.22600000
1660370209.361809,05:56:49.361809,7436,0.81100000
1660370220.824812,05:57:00.824812,7438,0.55200000
1660370232.593809,05:57:12.593809,7440,0.86100000
1660370244.122811,05:57:24.122811,7442,0.66300000
1660370255.224809,05:57:35.224809,7444,0.40200000
1660370267.009810,05:57:47.009810,7446,0.75500000
1660370278.964808,05:57:58.964808,7448,0.98300000
1660370290.464808,05:58:10.464808,7450,0.90300000
1660370301.876807,05:58:21.876807,7452,0.72100000
1660370313.499809,05:58:33.499809,7454,0.87700000
1660370325.341812,05:58:45.341812,7456,0.98900000
1660370336.953807,05:58:56.953807,7458,0.78200000
1660370347.686808,05:59:07.686808,7460,0.41500000
1660370359.827808,05:59:19.827808,7462,0.55600000
1660370371.511812,05:59:31.511812,7464,0.51900000
1660370383.273807,05:59:43.273807,7466,0.75700000
1660370394.674810,05:59:54.674810,7468,0.55300000
1660370406.705812,06:00:06.705812,7470,0.88000000
1660370418.231809,06:00:18.231809,7472,0.76000000
1660370429.522807,06:00:29.522807,7474,0.33800000
1660370441.366808,06:00:41.366808,7476,0.64000000
1660370452.657807,06:00:52.657807,7478,0.45200000
1660370464.452809,06:01:04.452809,7480,0.87400000
1660370475.668813,06:01:15.668813,7482,0.48600000
1660370487.289808,06:01:27.289808,7484,0.69600000
1660370498.877811,06:01:38.877811,7486,0.60300000
1660370509.940809,06:01:49.940809,7488,0.14100000
1660370522.352809,06:02:02.352809,7490,0.73500000
1660370533.808806,06:02:13.808806,7492,0.74200000
1660370545.683809,06:02:25.683809,7494,0.81800000
1660370557.337811,06:02:37.337811,7496,0.94800000
1660370568.689809,06:02:48.689809,7498,0.85500000
1660370579.800807,06:02:59.800807,7500,0.54700000
1660370591.700809,06:03:11.700809,7502,0.75900000
1660370603.299807,06:03:23.299807,7504,0.85800000
1660370614.642809,06:03:34.642809,7506,0.48500000
1660370626.321812,06:03:46.321812,7508,0.94100000
1660370638.165807,06:03:58.165807,7510,0.67300000
1660370649.056811,06:04:09.056811,7512,0.40300000
1660370661.435806,06:04:21.435806,7514,0.89100000
1660370673.056809,06:04:33.056809,7516,0.84100000
1660370684.748807,06:04:44.748807,7518,0.99300000
1660370696.326809,06:04:56.326809,7520,0.88000000
1660370707.837812,06:05:07.837812,7522,0.95300000
1660370718.907810,06:05:18.907810,7524,0.47400000
1660370730.931811,06:05:30.931811,7526,0.82500000
1660370742.498808,06:05:42.498808,7528,0.93900000
1660370753.803812,06:05:53.803812,7530,0.50800000
1660370765.677808,06:06:05.677808,7532,0.88400000
1660370777.114811,06:06:17.114811,7534,0.75200000
1660370788.916807,06:06:28.916807,7536,0.99000000
1660370800.099810,06:06:40.099810,7538,0.67400000
1660370810.880809,06:06:50.880809,7540,0.20100000
1660370822.446807,06:07:02.446807,7542,0.00100000
1660370834.527808,06:07:14.527808,7544,0.54500000
1660370846.641809,06:07:26.641809,7546,0.99800000
1660370857.843808,06:07:37.843808,7548,0.62700000
1660370869.735810,06:07:49.735810,7550,0.81900000
1660370880.896807,06:08:00.896807,7552,0.66400000
1660370892.640809,06:08:12.640809,7554,0.45600000
1660370903.975805,06:08:23.975805,7556,0.49300000
1660370915.412809,06:08:35.412809,7558,0.08400000
1660370927.027812,06:08:47.027812,7560,0.43400000
1660370939.136807,06:08:59.136807,7562,0.64100000
1660370950.360811,06:09:10.360811,7564,0.36800000
1660370961.798808,06:09:21.798808,7566,0.27100000
1660370973.498811,06:09:33.498811,7568,0.43400000
1660370985.346808,06:09:45.346808,7570,0.52700000
1660370996.738808,06:09:56.738808,7572,0.44600000
1660371008.751811,06:10:08.751811,7574,0.78300000
1660371020.550809,06:10:20.550809,7576,1.00000000
1660371032.016810,06:10:32.016810,7578,0.80700000
1660371043.331807,06:10:43.331807,7580,0.45000000
1660371055.149808,06:10:55.149808,7582,0.71200000
1660371066.770806,06:11:06.770806,7584,0.75200000
1660371078.121810,06:11:18.121810,7586,0.65400000
1660371089.553806,06:11:29.553806,7588,0.54100000
1660371101.708808,06:11:41.708808,7590,0.98200000
1660371112.916812,06:11:52.916812,7592,0.52200000
1660371124.861808,06:12:04.861808,7594,0.89000000
1660371136.292809,06:12:16.292809,7596,0.84400000
1660371147.557808,06:12:27.557808,7598,0.62000000
1660371159.384809,06:12:39.384809,7600,0.75600000
1660371170.977807,06:12:50.977807,7602,0.76100000
1660371182.492809,06:13:02.492809,7604,0.50100000
1660371193.449807,06:13:13.449807,7606,0.05300000
1660371205.892808,06:13:25.892808,7608,0.67900000
1660371217.575810,06:13:37.575810,7610,0.79100000
1660371229.312807,06:13:49.312807,7612,0.99500000
1660371240.626811,06:14:00.626811,7614,0.69100000
1660371252.233807,06:14:12.233807,7616,0.99400000
1660371263.990810,06:14:23.990810,7618,0.95700000
1660371275.310807,06:14:35.310807,7620,0.96600000
1660371286.546811,06:14:46.546811,7622,0.55300000
1660371298.507812,06:14:58.507812,7624,0.72900000
1660371309.754809,06:15:09.754809,7626,0.50100000
1660371321.222808,06:15:21.222808,7628,0.35500000
1660371333.438807,06:15:33.438807,7630,0.78400000
1660371344.930811,06:15:44.930811,7632,0.71100000
1660371356.047808,06:15:56.047808,7634,0.35700000
1660371368.325810,06:16:08.325810,7636,0.87400000
1660371380.078811,06:16:20.078811,7638,0.88900000
1660371391.059809,06:16:31.059809,7640,0.48300000
1660371403.037811,06:16:43.037811,7642,0.86800000
1660371414.475808,06:16:54.475808,7644,0.55800000
1660371426.170811,06:17:06.170811,7646,0.76100000
1660371437.583810,06:17:17.583810,7648,0.50600000
1660371449.009811,06:17:29.009811,7650,0.30800000
1660371461.086807,06:17:41.086807,7652,0.55500000
1660371472.431810,06:17:52.431810,7654,0.68100000
1660371484.562812,06:18:04.562812,7656,0.99400000
1660371495.638809,06:18:15.638809,7658,0.61100000
1660371507.464811,06:18:27.464811,7660,0.74300000
1660371519.210807,06:18:39.210807,7662,0.95900000
1660371530.751811,06:18:50.751811,7664,0.96000000
1660371542.451807,06:19:02.451807,7666,0.98800000
1660371553.536811,06:19:13.536811,7668,0.60800000
1660371565.089807,06:19:25.089807,7670,0.54000000
1660371576.426811,06:19:36.426811,7672,0.44800000
1660371588.732811,06:19:48.732811,7674,0.99300000
1660371599.841809,06:19:59.841809,7676,0.54100000
1660371611.045807,06:20:11.045807,7678,0.36500000
1660371623.027808,06:20:23.027808,7680,0.67400000
1660371634.834811,06:20:34.834811,7682,0.81100000
1660371646.152807,06:20:46.152807,7684,0.57000000
1660371658.207810,06:20:58.207810,7686,0.89800000
1660371669.577806,06:21:09.577806,7688,0.75500000
1660371681.116808,06:21:21.116808,7690,0.48900000
1660371692.956811,06:21:32.956811,7692,0.75200000
1660371704.017810,06:21:44.017810,7694,0.27000000
1660371716.401810,06:21:56.401810,7696,0.92400000
1660371727.675807,06:22:07.675807,7698,0.63800000
1660371739.311810,06:22:19.311810,7700,0.87300000
1660371750.578809,06:22:30.578809,7702,0.46800000
1660371762.277811,06:22:42.277811,7704,0.38400000
1660371774.270811,06:22:54.270811,7706,0.77700000
1660371785.643810,06:23:05.643810,7708,0.56900000
1660371797.071806,06:23:17.071806,7710,0.58600000
1660371808.484809,06:23:28.484809,7712,0.66800000
1660371820.339811,06:23:40.339811,7714,0.48100000
1660371831.331808,06:23:51.331808,7716,0.31800000
1660371843.413811,06:24:03.413811,7718,0.61200000
1660371854.801807,06:24:14.801807,7720,0.25000000
1660371866.862809,06:24:26.862809,7722,0.74500000
1660371878.046808,06:24:38.046808,7724,0.31500000
1660371889.531811,06:24:49.531811,7726,0.42800000
1660371901.396807,06:25:01.396807,7728,0.55400000
1660371912.763809,06:25:12.763809,7730,0.46100000
1660371924.697811,06:25:24.697811,7732,0.80800000
1660371935.968809,06:25:35.968809,7734,0.49800000
1660371948.108810,06:25:48.108810,7736,0.98200000
1660371959.500807,06:25:59.500807,7738,0.79600000
1660371970.655812,06:26:10.655812,7740,0.60700000

