,,,Trigger SOV_GunStart Applied Dither
Time,Time,Shot,Value (Seconds)
1660360176.974801,03:09:36.974801,5711,0.87000000
1660360188.497801,03:09:48.497801,5713,0.58100000
1660360200.721801,03:10:00.721801,5715,0.91100000
1660360212.129801,03:10:12.129801,5717,0.45700000
1660360223.608801,03:10:23.608801,5719,0.34500000
1660360236.211801,03:10:36.211801,5721,0.38300000
1660360248.248801,03:10:48.248801,5723,0.79500000
1660360259.879801,03:10:59.879801,5725,0.59900000
1660360271.285801,03:11:11.285801,5727,0.12700000
1660360283.448801,03:11:23.448801,5729,0.50700000
1660360295.536801,03:11:35.536801,5731,0.56100000
1660360306.822801,03:11:46.822801,5733,0.19500000
1660360318.828801,03:11:58.828801,5735,0.17400000
1660360330.503801,03:12:10.503801,5737,0.08900000
1660360342.928801,03:12:22.928801,5739,0.35500000
1660360355.008801,03:12:35.008801,5741,0.82500000
1660360366.828801,03:12:46.828801,5743,0.70300000
1660360378.284801,03:12:58.284801,5745,0.50200000
1660360390.121801,03:13:10.121801,5747,0.51500000
1660360402.354801,03:13:22.354801,5749,0.65300000
1660360414.044801,03:13:34.044801,5751,0.21300000
1660360425.981801,03:13:45.981801,5753,0.53800000
1660360438.095801,03:13:58.095801,5755,0.93100000
1660360449.817801,03:14:09.817801,5757,0.93200000
1660360461.181801,03:14:21.181801,5759,0.85200000
1660360473.068801,03:14:33.068801,5761,0.76900000
1660360484.518801,03:14:44.518801,5763,0.88100000
1660360495.832801,03:14:55.832801,5765,0.47800000
1660360508.189801,03:15:08.189801,5767,0.96400000
1660360519.560801,03:15:19.560801,5769,0.85000000
1660360530.912801,03:15:30.912801,5771,0.45000000
1660360542.988801,03:15:42.988801,5773,0.85300000
1660360554.220801,03:15:54.220801,5775,0.58500000
1660360565.359801,03:16:05.359801,5777,0.19300000
1660360577.241801,03:16:17.241801,5779,0.48000000
1660360589.213801,03:16:29.213801,5781,0.77900000
1660360600.941801,03:16:40.941801,5783,0.96000000
1660360612.401801,03:16:52.401801,5785,0.81800000
1660360623.941801,03:17:03.941801,5787,0.84600000
1660360635.733801,03:17:15.733801,5789,0.93500000
1660360646.715801,03:17:26.715801,5791,0.68100000
1660360658.325801,03:17:38.325801,5793,0.58700000
1660360669.726801,03:17:49.726801,5795,0.48700000
1660360681.458801,03:18:01.458801,5797,0.81100000
1660360692.606801,03:18:12.606801,5799,0.44900000
1660360703.581801,03:18:23.581801,5801,0.15500000
1660360715.615801,03:18:35.615801,5803,0.48000000
1660360727.467801,03:18:47.467801,5805,0.61100000
1660360739.000801,03:18:59.000801,5807,0.46400000
1660360750.131801,03:19:10.131801,5809,0.12700000
1660360762.453801,03:19:22.453801,5811,0.85500000
1660360773.505801,03:19:33.505801,5813,0.41500000
1660360785.521801,03:19:45.521801,5815,0.66000000
1660360797.300801,03:19:57.300801,5817,0.91900000
1660360808.464801,03:20:08.464801,5819,0.50600000
1660360820.656801,03:20:20.656801,5821,0.93900000
1660360832.178801,03:20:32.178801,5823,0.97200000
1660360843.904801,03:20:43.904801,5825,0.81500000
1660360855.307801,03:20:55.307801,5827,0.92600000
1660360866.710801,03:21:06.710801,5829,0.51700000
1660360878.259801,03:21:18.259801,5831,0.48000000
1660360890.366801,03:21:30.366801,5833,0.93000000
1660360901.531801,03:21:41.531801,5835,0.73000000
1660360912.990801,03:21:52.990801,5837,0.52200000
1660360924.742801,03:22:04.742801,5839,0.74200000
1660360936.341801,03:22:16.341801,5841,0.77100000
1660360947.436801,03:22:27.436801,5843,0.29400000
1660360958.811801,03:22:38.811801,5845,0.22000000
1660360970.693801,03:22:50.693801,5847,0.52800000
1660360982.695801,03:23:02.695801,5849,0.69500000
1660360993.933801,03:23:13.933801,5851,0.34300000
1660361005.810801,03:23:25.810801,5853,0.66900000
1660361017.225801,03:23:37.225801,5855,0.37300000
1660361029.074801,03:23:49.074801,5857,0.58800000
1660361041.160801,03:24:01.160801,5859,0.99100000
1660361052.250801,03:24:12.250801,5861,0.67000000
1660361064.087801,03:24:24.087801,5863,0.81600000
1660361075.544801,03:24:35.544801,5865,0.61300000
1660361086.772801,03:24:46.772801,5867,0.34500000
1660361098.305801,03:24:58.305801,5869,0.23200000
1660361110.817801,03:25:10.817801,5871,0.68700000
1660361123.115801,03:25:23.115801,5873,0.83900000
1660361134.849801,03:25:34.849801,5875,0.36100000
1660361147.582801,03:25:47.582801,5877,0.89700000
1660361159.249801,03:25:59.249801,5879,0.72500000
1660361171.522801,03:26:11.522801,5881,0.72300000
1660361183.523801,03:26:23.523801,5883,0.75200000
1660361196.086801,03:26:36.086801,5885,0.27400000
1660361208.698801,03:26:48.698801,5887,0.88000000
1660361221.580801,03:27:01.580801,5889,0.48600000
1660361234.053801,03:27:14.053801,5891,0.69300000
1660361247.120801,03:27:27.120801,5893,0.95400000
1660361259.723801,03:27:39.723801,5895,0.91200000
1660361272.152801,03:27:52.152801,5897,0.99100000
1660361284.236801,03:28:04.236801,5899,0.66800000
1660361297.079801,03:28:17.079801,5901,0.99900000
1660361309.641801,03:28:29.641801,5903,0.96000000
1660361322.014801,03:28:42.014801,5905,0.54100000
1660361334.745801,03:28:54.745801,5907,0.55300000
1660361347.032801,03:29:07.032801,5909,0.24400000
1660361360.161801,03:29:20.161801,5911,0.57600000
1660361372.387801,03:29:32.387801,5913,0.44000000
1660361385.533801,03:29:45.533801,5915,0.65100000
1660361398.339801,03:29:58.339801,5917,0.97000000
1660361410.549801,03:30:10.549801,5919,0.56900000
1660361422.880801,03:30:22.880801,5921,0.50900000
1660361434.469801,03:30:34.469801,5923,0.16300000
1660361446.618801,03:30:46.618801,5925,0.27500000
1660361459.082801,03:30:59.082801,5927,0.85700000
1660361471.703801,03:31:11.703801,5929,0.58100000
1660361483.673801,03:31:23.673801,5931,0.42500000
1660361496.035801,03:31:36.035801,5933,0.66400000
1660361507.926801,03:31:47.926801,5935,0.38700000
1660361520.087801,03:32:00.087801,5937,0.41400000
1660361532.021801,03:32:12.021801,5939,0.51600000
1660361544.100801,03:32:24.100801,5941,0.93200000
1660361555.518801,03:32:35.518801,5943,0.84300000
1660361567.150801,03:32:47.150801,5945,0.76300000
1660361578.669801,03:32:58.669801,5947,0.46200000
1660361590.204801,03:33:10.204801,5949,0.56200000
1660361602.534801,03:33:22.534801,5951,0.94000000
1660361614.220801,03:33:34.220801,5953,0.76600000
1660361625.949801,03:33:45.949801,5955,0.89400000
1660361637.893801,03:33:57.893801,5957,0.91000000
1660361649.226801,03:34:09.226801,5959,0.93300000
1660361660.787801,03:34:20.787801,5961,0.64200000
1660361672.819801,03:34:32.819801,5963,0.88700000
1660361684.193801,03:34:44.193801,5965,0.48300000
1660361695.752801,03:34:55.752801,5967,0.34800000
1660361707.521801,03:35:07.521801,5969,0.60600000
1660361718.807801,03:35:18.807801,5971,0.15400000
1660361730.863801,03:35:30.863801,5973,0.49500000
1660361742.781801,03:35:42.781801,5975,0.94200000
1660361754.087801,03:35:54.087801,5977,0.60700000
1660361765.521801,03:36:05.521801,5979,0.32700000
1660361777.524801,03:36:17.524801,5981,0.79300000
1660361789.053801,03:36:29.053801,5983,0.72000000
1660361800.501801,03:36:40.501801,5985,0.54400000
1660361812.649801,03:36:52.649801,5987,0.94100000
1660361823.865801,03:37:03.865801,5989,0.55700000
1660361835.592801,03:37:15.592801,5991,0.84200000
1660361847.328801,03:37:27.328801,5993,0.83600000
1660361858.645801,03:37:38.645801,5995,0.47500000
1660361870.289801,03:37:50.289801,5997,0.63800000
1660361881.622801,03:38:01.622801,5999,0.51900000
1660361893.749801,03:38:13.749801,6001,0.77300000
1660361905.319801,03:38:25.319801,6003,0.89600000
1660361916.630801,03:38:36.630801,6005,0.63100000
1660361927.939801,03:38:47.939801,6007,0.40500000
1660361939.363801,03:38:59.363801,6009,0.42100000
1660361951.257801,03:39:11.257801,6011,0.88600000
1660361962.589801,03:39:22.589801,6013,0.41900000
1660361974.282801,03:39:34.282801,6015,0.47900000
1660361986.269801,03:39:46.269801,6017,0.88400000
1660361997.413801,03:39:57.413801,6019,0.41900000
1660362009.508801,03:40:09.508801,6021,0.75400000
1660362020.649801,03:40:20.649801,6023,0.48900000
1660362032.500801,03:40:32.500801,6025,0.93700000
1660362043.735801,03:40:43.735801,6027,0.49300000
1660362055.707801,03:40:55.707801,6029,0.83000000
1660362067.358801,03:41:07.358801,6031,0.95200000
1660362078.646801,03:41:18.646801,6033,0.61700000
1660362090.162801,03:41:30.162801,6035,0.63100000
1660362101.541801,03:41:41.541801,6037,0.57300000
1660362112.976801,03:41:52.976801,6039,0.19800000
1660362124.644801,03:42:04.644801,6041,0.38500000
1660362136.407801,03:42:16.407801,6043,0.63900000
1660362147.659801,03:42:27.659801,6045,0.37200000
1660362159.877801,03:42:39.877801,6047,0.99700000
1660362171.384801,03:42:51.384801,6049,0.84600000
1660362182.772801,03:43:02.772801,6051,0.77500000
1660362193.813801,03:43:13.813801,6053,0.36800000
1660362205.479801,03:43:25.479801,6055,0.73300000
1660362217.383801,03:43:37.383801,6057,0.76400000
1660362228.562801,03:43:48.562801,6059,0.61600000
1660362240.630801,03:44:00.630801,6061,0.84600000
1660362252.345801,03:44:12.345801,6063,0.90000000
1660362264.205801,03:44:24.205801,6065,0.93900000
1660362275.038801,03:44:35.038801,6067,0.54200000
1660362286.324801,03:44:46.324801,6069,0.41000000
1660362297.599801,03:44:57.599801,6071,0.16300000
1660362309.653801,03:45:09.653801,6073,0.44200000
1660362321.170801,03:45:21.170801,6075,0.88900000
1660362332.723801,03:45:32.723801,6077,0.56300000
1660362344.459801,03:45:44.459801,6079,0.55000000
1660362356.065801,03:45:56.065801,6081,0.54300000
1660362367.527801,03:46:07.527801,6083,0.68200000
1660362379.501801,03:46:19.501801,6085,0.86600000
1660362391.108801,03:46:31.108801,6087,0.75000000
1660362402.546801,03:46:42.546801,6089,0.51600000
1660362414.318801,03:46:54.318801,6091,0.85100000
1660362425.744801,03:47:05.744801,6093,0.42300000
1660362437.565801,03:47:17.565801,6095,0.69200000
1660362449.506801,03:47:29.506801,6097,0.99400000
1660362460.522801,03:47:40.522801,6099,0.57600000
1660362472.688801,03:47:52.688801,6101,0.98800000
1660362484.072801,03:48:04.072801,6103,0.90500000
1660362495.579801,03:48:15.579801,6105,0.86100000
1660362507.228801,03:48:27.228801,6107,0.55200000
1660362519.068801,03:48:39.068801,6109,0.95400000
1660362530.542801,03:48:50.542801,6111,0.95900000
1660362542.109801,03:49:02.109801,6113,0.73800000
1660362553.487801,03:49:13.487801,6115,0.87800000
1660362565.336801,03:49:25.336801,6117,0.98400000
1660362576.192801,03:49:36.192801,6119,0.50200000
1660362587.830801,03:49:47.830801,6121,0.38800000
1660362599.995801,03:49:59.995801,6123,0.92400000
1660362611.115801,03:50:11.115801,6125,0.47000000
1660362622.450801,03:50:22.450801,6127,0.20600000
1660362634.295801,03:50:34.295801,6129,0.30100000
1660362645.818801,03:50:45.818801,6131,0.51700000
1660362657.266801,03:50:57.266801,6133,0.19100000
1660362669.053801,03:51:09.053801,6135,0.52100000
1660362681.339801,03:51:21.339801,6137,0.89100000
1660362692.734801,03:51:32.734801,6139,0.73400000
1660362704.639801,03:51:44.639801,6141,0.95600000
1660362715.813801,03:51:55.813801,6143,0.54800000
1660362727.854801,03:52:07.854801,6145,0.86700000
1660362739.463801,03:52:19.463801,6147,0.93100000
1660362751.008801,03:52:31.008801,6149,0.81500000
1660362762.367801,03:52:42.367801,6151,0.48600000
1660362774.401801,03:52:54.401801,6153,0.93400000
1660362785.837801,03:53:05.837801,6155,0.78100000
1660362797.091801,03:53:17.091801,6157,0.40900000
1660362809.235801,03:53:29.235801,6159,0.93800000
1660362820.533801,03:53:40.533801,6161,0.47500000
1660362831.910801,03:53:51.910801,6163,0.18400000
1660362843.751801,03:54:03.751801,6165,0.42400000
1660362855.350801,03:54:15.350801,6167,0.70600000
1660362866.777801,03:54:26.777801,6169,0.68300000
1660362878.410801,03:54:38.410801,6171,0.64000000
1660362890.000801,03:54:50.000801,6173,0.75000000
1660362901.783801,03:55:01.783801,6175,0.94400000
1660362912.941801,03:55:12.941801,6177,0.67300000
1660362925.084801,03:55:25.084801,6179,0.98700000
1660362936.600801,03:55:36.600801,6181,0.99800000
1660362947.834801,03:55:47.834801,6183,0.69900000
1660362959.135801,03:55:59.135801,6185,0.65600000
1660362970.651801,03:56:10.651801,6187,0.21900000
1660362982.446801,03:56:22.446801,6189,0.80800000
1660362993.919801,03:56:33.919801,6191,0.62200000
1660363005.004801,03:56:45.004801,6193,0.21700000
1660363016.448801,03:56:56.448801,6195,0.35000000
1660363027.672801,03:57:07.672801,6197,0.07800000
1660363039.469801,03:57:19.469801,6199,0.15900000
1660363051.366801,03:57:31.366801,6201,0.29700000
1660363062.936801,03:57:42.936801,6203,0.57700000
1660363074.958801,03:57:54.958801,6205,0.77800000
1660363086.115801,03:58:06.115801,6207,0.41100000
1660363098.172801,03:58:18.172801,6209,0.73300000
1660363109.645801,03:58:29.645801,6211,0.68400000
1660363121.312801,03:58:41.312801,6213,0.49200000
1660363133.035801,03:58:53.035801,6215,0.83800000
1660363144.521801,03:59:04.521801,6217,0.45800000
1660363156.390801,03:59:16.390801,6219,0.97600000
1660363168.299801,03:59:28.299801,6221,0.98800000
1660363179.298801,03:59:39.298801,6223,0.52500000
1660363191.217801,03:59:51.217801,6225,0.84800000
1660363202.603801,04:00:02.603801,6227,0.64400000
1660363214.332801,04:00:14.332801,6229,0.56700000
1660363226.135801,04:00:26.135801,6231,0.88500000
1660363237.157801,04:00:37.157801,6233,0.48500000
1660363248.507801,04:00:48.507801,6235,0.34800000
1660363260.269801,04:01:00.269801,6237,0.15500000
1660363272.097801,04:01:12.097801,6239,0.66000000
1660363283.188801,04:01:23.188801,6241,0.24800000
1660363294.832801,04:01:34.832801,6243,0.27100000
1660363306.605801,04:01:46.605801,6245,0.42800000
1660363318.388801,04:01:58.388801,6247,0.62200000
1660363329.577801,04:02:09.577801,6249,0.39200000
1660363341.410801,04:02:21.410801,6251,0.66200000
1660363353.095801,04:02:33.095801,6253,0.67700000
1660363364.348801,04:02:44.348801,6255,0.32300000
1660363376.437801,04:02:56.437801,6257,0.54500000
1660363387.678801,04:03:07.678801,6259,0.48800000
1660363400.006801,04:03:20.006801,6261,0.99600000
1660363410.980801,04:03:30.980801,6263,0.72900000
1660363422.913801,04:03:42.913801,6265,0.91700000
1660363434.178801,04:03:54.178801,6267,0.73100000
1660363445.672801,04:04:05.672801,6269,0.36100000
1660363457.356801,04:04:17.356801,6271,0.59700000
1660363468.956801,04:04:28.956801,6273,0.50500000
1660363480.803801,04:04:40.803801,6275,0.99400000
1660363492.106801,04:04:52.106801,6277,0.75500000
1660363503.858801,04:05:03.858801,6279,0.92200000
1660363515.551801,04:05:15.551801,6281,0.93400000
1660363527.158801,04:05:27.158801,6283,0.84400000
1660363538.139801,04:05:38.139801,6285,0.42700000
1660363550.002801,04:05:50.002801,6287,0.51500000
1660363562.067801,04:06:02.067801,6289,0.97400000
1660363573.295801,04:06:13.295801,6291,0.60600000
1660363584.600801,04:06:24.600801,6293,0.42300000
1660363596.472801,04:06:36.472801,6295,0.72700000
1660363608.227801,04:06:48.227801,6297,0.93900000
1660363619.465801,04:06:59.465801,6299,0.45700000
1660363631.309801,04:07:11.309801,6301,0.81800000
1660363642.607801,04:07:22.607801,6303,0.61000000
1660363654.405801,04:07:34.405801,6305,0.78500000
1660363665.979801,04:07:45.979801,6307,0.94700000
1660363677.671801,04:07:57.671801,6309,0.87000000
1660363689.046801,04:08:09.046801,6311,0.87500000
1660363700.112801,04:08:20.112801,6313,0.45500000
1660363712.244801,04:08:32.244801,6315,0.94400000
1660363723.336801,04:08:43.336801,6317,0.60400000
1660363735.094801,04:08:55.094801,6319,0.81300000
1660363746.789801,04:09:06.789801,6321,0.87000000
1660363758.156801,04:09:18.156801,6323,0.53900000
1660363769.845801,04:09:29.845801,6325,0.35900000
1660363781.242801,04:09:41.242801,6327,0.34800000
1660363793.270801,04:09:53.270801,6329,0.61200000
1660363805.041801,04:10:05.041801,6331,0.94700000
1660363816.396801,04:10:16.396801,6333,0.73800000
1660363827.927801,04:10:27.927801,6335,0.59700000
1660363839.743801,04:10:39.743801,6337,0.96900000
1660363850.977801,04:10:50.977801,6339,0.52800000
1660363862.877801,04:11:02.877801,6341,0.96600000
1660363874.378801,04:11:14.378801,6343,0.92600000
1660363886.009801,04:11:26.009801,6345,0.83500000
1660363897.822801,04:11:37.822801,6347,0.95800000
1660363909.089801,04:11:49.089801,6349,0.75800000
1660363920.571801,04:12:00.571801,6351,0.65400000
1660363932.401801,04:12:12.401801,6353,0.92500000
1660363943.260801,04:12:23.260801,6355,0.54800000
1660363955.234801,04:12:35.234801,6357,0.56600000
1660363966.929801,04:12:46.929801,6359,0.79400000
1660363979.134801,04:12:59.134801,6361,0.92300000
1660363989.919801,04:13:09.919801,6363,0.44600000
1660364002.055801,04:13:22.055801,6365,0.90000000
1660364013.138801,04:13:33.138801,6367,0.60400000
1660364024.549801,04:13:44.549801,6369,0.23600000
1660364036.471801,04:13:56.471801,6371,0.84400000
1660364048.048801,04:14:08.048801,6373,0.61200000
1660364059.621801,04:14:19.621801,6375,0.64500000
1660364071.002801,04:14:31.002801,6377,0.18100000
1660364082.758801,04:14:42.758801,6379,0.57300000
1660364094.795801,04:14:54.795801,6381,0.91400000
1660364106.169801,04:15:06.169801,6383,0.89500000
1660364117.448801,04:15:17.448801,6385,0.49600000
1660364128.676801,04:15:28.676801,6387,0.15700000
1660364140.588801,04:15:40.588801,6389,0.37700000
1660364152.468801,04:15:52.468801,6391,0.75300000
1660364163.547801,04:16:03.547801,6393,0.28100000
1660364175.327801,04:16:15.327801,6395,0.42400000
1660364186.937801,04:16:26.937801,6397,0.39200000
1660364198.559801,04:16:38.559801,6399,0.44300000
1660364210.149801,04:16:50.149801,6401,0.46800000
1660364221.369801,04:17:01.369801,6403,0.25500000
1660364233.203801,04:17:13.203801,6405,0.40200000
1660364245.104801,04:17:25.104801,6407,0.64000000
1660364256.535801,04:17:36.535801,6409,0.44500000
1660364268.526801,04:17:48.526801,6411,0.88500000
1660364280.101801,04:18:00.101801,6413,0.63600000
1660364291.375801,04:18:11.375801,6415,0.44800000
1660364303.304801,04:18:23.304801,6417,0.97100000
1660364314.456801,04:18:34.456801,6419,0.50900000
1660364326.586801,04:18:46.586801,6421,0.96100000
1660364338.069801,04:18:58.069801,6423,0.82900000
1660364349.406801,04:19:09.406801,6425,0.70000000
1660364360.868801,04:19:20.868801,6427,0.62700000
1660364371.996801,04:19:31.996801,6429,0.22200000
1660364384.170801,04:19:44.170801,6431,0.61800000
1660364395.287801,04:19:55.287801,6433,0.31200000
1660364406.691801,04:20:06.691801,6435,0.01400000
1660364418.727801,04:20:18.727801,6437,0.23300000
1660364430.413801,04:20:30.413801,6439,0.67200000
1660364442.633801,04:20:42.633801,6441,0.98500000
1660364453.648801,04:20:53.648801,6443,0.59100000
1660364465.548801,04:21:05.548801,6445,0.76700000
1660364476.882801,04:21:16.882801,6447,0.91100000
1660364488.865801,04:21:28.865801,6449,0.87100000
1660364500.265801,04:21:40.265801,6451,0.91700000
1660364511.613801,04:21:51.613801,6453,0.70000000
1660364523.428801,04:22:03.428801,6455,0.91200000
1660364535.209801,04:22:15.209801,6457,0.98600000
1660364546.358801,04:22:26.358801,6459,0.56100000
1660364558.254801,04:22:38.254801,6461,0.96200000
1660364569.464801,04:22:49.464801,6463,0.96400000
1660364580.849801,04:23:00.849801,6465,0.63500000
1660364592.481801,04:23:12.481801,6467,0.76100000
1660364604.099801,04:23:24.099801,6469,0.65300000
1660364615.930801,04:23:35.930801,6471,0.93300000
1660364627.106801,04:23:47.106801,6473,0.47200000
1660364638.680801,04:23:58.680801,6475,0.42000000
1660364650.540801,04:24:10.540801,6477,0.79300000
1660364661.973801,04:24:21.973801,6479,0.50600000
1660364673.459801,04:24:33.459801,6481,0.48200000
1660364685.471801,04:24:45.471801,6483,0.86400000
1660364697.248801,04:24:57.248801,6485,0.96800000
1660364708.471801,04:25:08.471801,6487,0.58400000
1660364720.265801,04:25:20.265801,6489,0.60500000
1660364731.406801,04:25:31.406801,6491,0.14800000
1660364743.302801,04:25:43.302801,6493,0.56700000
1660364755.324801,04:25:55.324801,6495,0.97700000
1660364766.558801,04:26:06.558801,6497,0.72900000
1660364777.830801,04:26:17.830801,6499,0.54600000
1660364790.027801,04:26:30.027801,6501,0.76400000
1660364801.468801,04:26:41.468801,6503,0.80900000
1660364812.573801,04:26:52.573801,6505,0.41000000
1660364824.169801,04:27:04.169801,6507,0.28300000
1660364836.115801,04:27:16.115801,6509,0.77800000
1660364847.780801,04:27:27.780801,6511,0.89800000
1660364859.084801,04:27:39.084801,6513,0.68600000
1660364870.802801,04:27:50.802801,6515,0.67100000
1660364882.305801,04:28:02.305801,6517,0.89700000
1660364893.587801,04:28:13.587801,6519,0.67500000
1660364905.139801,04:28:25.139801,6521,0.69500000
1660364916.700801,04:28:36.700801,6523,0.38300000
1660364928.367801,04:28:48.367801,6525,0.68400000
1660364940.251801,04:29:00.251801,6527,0.99300000
1660364951.659801,04:29:11.659801,6529,0.80200000
1660364962.688801,04:29:22.688801,6531,0.34400000
1660364974.608801,04:29:34.608801,6533,0.53900000
1660364986.478801,04:29:46.478801,6535,0.81600000
1660364997.492801,04:29:57.492801,6537,0.34000000
1660365009.770801,04:30:09.770801,6539,0.86200000
1660365021.064801,04:30:21.064801,6541,0.83700000
1660365032.784801,04:30:32.784801,6543,0.89900000
1660365044.046801,04:30:44.046801,6545,0.54800000
1660365055.559801,04:30:55.559801,6547,0.70700000
1660365066.999801,04:31:06.999801,6549,0.30200000
1660365078.881801,04:31:18.881801,6551,0.62400000
1660365090.332801,04:31:30.332801,6553,0.56300000
1660365101.812801,04:31:41.812801,6555,0.31200000
1660365113.667801,04:31:53.667801,6557,0.54700000
1660365125.085801,04:32:05.085801,6559,0.48400000
1660365136.985801,04:32:16.985801,6561,0.52400000
1660365148.162801,04:32:28.162801,6563,0.17200000
1660365159.894801,04:32:39.894801,6565,0.30300000
1660365171.544801,04:32:51.544801,6567,0.50900000
1660365182.834801,04:33:02.834801,6569,0.22700000
1660365194.972801,04:33:14.972801,6571,0.69900000
1660365206.368801,04:33:26.368801,6573,0.59000000
1660365217.568801,04:33:37.568801,6575,0.13500000
1660365229.852801,04:33:49.852801,6577,0.81900000
1660365241.168801,04:34:01.168801,6579,0.68100000
1660365253.176801,04:34:13.176801,6581,0.98300000
1660365264.540801,04:34:24.540801,6583,0.67900000
1660365276.276801,04:34:36.276801,6585,0.73300000
1660365287.489801,04:34:47.489801,6587,0.79100000
1660365299.224801,04:34:59.224801,6589,0.71000000
1660365311.029801,04:35:11.029801,6591,0.97900000
1660365322.501801,04:35:22.501801,6593,0.84100000
1660365333.827801,04:35:33.827801,6595,0.78200000
1660365345.775801,04:35:45.775801,6597,0.93100000
1660365357.169801,04:35:57.169801,6599,0.77100000
1660365368.338801,04:36:08.338801,6601,0.32200000
1660365380.440801,04:36:20.440801,6603,0.86100000
1660365391.816801,04:36:31.816801,6605,0.60600000
1660365403.286801,04:36:43.286801,6607,0.73200000
1660365414.731801,04:36:54.731801,6609,0.34900000
1660365426.824801,04:37:06.824801,6611,0.68300000
1660365438.680801,04:37:18.680801,6613,0.92900000
1660365449.851801,04:37:29.851801,6615,0.64900000
1660365461.994801,04:37:41.994801,6617,0.99400000
1660365473.067801,04:37:53.067801,6619,0.54500000
1660365484.916801,04:38:04.916801,6621,0.96700000
1660365496.507801,04:38:16.507801,6623,0.88400000
1660365507.490801,04:38:27.490801,6625,0.61700000
1660365519.546801,04:38:39.546801,6627,0.85100000
1660365531.270801,04:38:51.270801,6629,0.98400000
1660365542.855801,04:39:02.855801,6631,0.99000000
1660365554.531801,04:39:14.531801,6633,0.92700000
1660365565.773801,04:39:25.773801,6635,0.71100000
1660365577.556801,04:39:37.556801,6637,0.72300000
1660365589.220801,04:39:49.220801,6639,0.85500000
1660365600.369801,04:40:00.369801,6641,0.42300000
1660365612.463801,04:40:12.463801,6643,0.84200000
1660365624.101801,04:40:24.101801,6645,0.73000000
1660365635.423801,04:40:35.423801,6647,0.53200000
1660365647.332801,04:40:47.332801,6649,0.91100000
1660365658.523801,04:40:58.523801,6651,0.58200000
1660365669.918801,04:41:09.918801,6653,0.26800000
1660365681.908801,04:41:21.908801,6655,0.76800000
1660365693.539801,04:41:33.539801,6657,0.99800000
1660365705.126801,04:41:45.126801,6659,0.57300000
1660365716.921801,04:41:56.921801,6661,0.99800000
1660365728.412801,04:42:08.412801,6663,0.81700000
1660365739.558801,04:42:19.558801,6665,0.38000000
1660365751.677801,04:42:31.677801,6667,0.94800000
1660365763.245801,04:42:43.245801,6669,0.89000000
1660365774.403801,04:42:54.403801,6671,0.67100000
1660365786.374801,04:43:06.374801,6673,0.98100000
1660365797.908801,04:43:17.908801,6675,0.98700000
1660365808.837801,04:43:28.837801,6677,0.64100000
1660365820.724801,04:43:40.724801,6679,0.74100000
1660365832.252801,04:43:52.252801,6681,0.63400000
1660365843.230801,04:44:03.230801,6683,0.18800000
1660365855.161801,04:44:15.161801,6685,0.65400000
1660365867.380801,04:44:27.380801,6687,0.95400000
1660365878.903801,04:44:38.903801,6689,0.99800000
1660365890.350801,04:44:50.350801,6691,0.91800000
1660365901.947801,04:45:01.947801,6693,0.65700000
1660365913.730801,04:45:13.730801,6695,0.89500000
1660365925.562801,04:45:25.562801,6697,0.99900000
1660365936.741801,04:45:36.741801,6699,0.67400000
1660365948.778801,04:45:48.778801,6701,0.95800000
1660365960.141801,04:46:00.141801,6703,0.81000000
1660365971.666801,04:46:11.666801,6705,0.51600000
1660365983.452801,04:46:23.452801,6707,0.89300000
1660365994.674801,04:46:34.674801,6709,0.46000000
1660366006.256801,04:46:46.256801,6711,0.56100000
1660366018.095801,04:46:58.095801,6713,0.67400000
1660366029.658801,04:47:09.658801,6715,0.67800000
1660366041.674801,04:47:21.674801,6717,0.97200000
1660366053.024801,04:47:33.024801,6719,0.73400000
1660366064.808801,04:47:44.808801,6721,0.77500000
1660366076.116801,04:47:56.116801,6723,0.76700000
1660366087.917801,04:48:07.917801,6725,0.66600000
1660366099.148801,04:48:19.148801,6727,0.33700000
1660366110.480801,04:48:30.480801,6729,0.00200000
1660366122.320801,04:48:42.320801,6731,0.51500000
1660366134.024801,04:48:54.024801,6733,0.43000000
1660366145.886801,04:49:05.886801,6735,0.69300000
1660366157.639801,04:49:17.639801,6737,0.99400000
1660366168.913801,04:49:28.913801,6739,0.52200000
1660366181.167801,04:49:41.167801,6741,0.97300000
1660366192.776801,04:49:52.776801,6743,0.99900000
1660366203.981801,04:50:03.981801,6745,0.53200000
1660366216.011801,04:50:16.011801,6747,0.78800000
1660366227.332801,04:50:27.332801,6749,0.57200000
1660366239.175801,04:50:39.175801,6751,0.89400000
1660366251.210801,04:50:51.210801,6753,0.93400000
1660366262.165801,04:51:02.165801,6755,0.49600000
1660366274.257801,04:51:14.257801,6757,0.98200000
1660366285.597801,04:51:25.597801,6759,0.97500000
1660366297.112801,04:51:37.112801,6761,0.63200000
1660366308.438801,04:51:48.438801,6763,0.49800000
1660366320.445801,04:52:00.445801,6765,0.80200000
1660366332.061801,04:52:12.061801,6767,0.96500000
1660366343.723801,04:52:23.723801,6769,0.93900000
1660366355.080801,04:52:35.080801,6771,0.56300000
1660366366.375801,04:52:46.375801,6773,0.40300000
1660366378.456801,04:52:58.456801,6775,0.81800000
1660366390.143801,04:53:10.143801,6777,0.96000000
1660366401.397801,04:53:21.397801,6779,0.66400000
1660366413.280801,04:53:33.280801,6781,0.87400000
1660366424.650801,04:53:44.650801,6783,0.76100000
1660366435.751801,04:53:55.751801,6785,0.28600000
1660366447.870801,04:54:07.870801,6787,0.94000000
1660366459.506801,04:54:19.506801,6789,0.78600000
1660366470.827801,04:54:30.827801,6791,0.93600000
1660366482.108801,04:54:42.108801,6793,0.54900000
1660366493.887801,04:54:53.887801,6795,0.50500000
1660366504.977801,04:55:04.977801,6797,0.41200000
1660366516.639801,04:55:16.639801,6799,0.12400000
1660366528.094801,04:55:28.094801,6801,0.27300000
1660366539.828801,04:55:39.828801,6803,0.34200000
1660366551.569801,04:55:51.569801,6805,0.63600000
1660366563.835801,04:56:03.835801,6807,0.93700000
1660366575.205801,04:56:15.205801,6809,0.71900000
1660366586.907801,04:56:26.907801,6811,0.94900000
1660366598.505801,04:56:38.505801,6813,0.97000000
1660366610.058801,04:56:50.058801,6815,0.54000000
1660366621.723801,04:57:01.723801,6817,0.86000000
1660366633.017801,04:57:13.017801,6819,0.48200000
1660366645.035801,04:57:25.035801,6821,0.96700000
1660366656.299801,04:57:36.299801,6823,0.68200000
1660366667.540801,04:57:47.540801,6825,0.28800000
1660366679.280801,04:57:59.280801,6827,0.56800000
1660366690.830801,04:58:10.830801,6829,0.46700000
1660366702.616801,04:58:22.616801,6831,0.80400000
1660366714.395801,04:58:34.395801,6833,0.89400000
1660366725.787801,04:58:45.787801,6835,0.81700000
1660366737.243801,04:58:57.243801,6837,0.53300000
1660366749.049801,04:59:09.049801,6839,0.66800000
1660366760.204801,04:59:20.204801,6841,0.23200000
1660366772.459801,04:59:32.459801,6843,0.75400000
1660366784.130801,04:59:44.130801,6845,0.99200000
1660366795.582801,04:59:55.582801,6847,0.88700000
1660366807.243801,05:00:07.243801,6849,0.81600000
1660366818.437801,05:00:18.437801,6851,0.46100000
1660366830.548801,05:00:30.548801,6853,0.88300000
1660366841.685801,05:00:41.685801,6855,0.47300000
1660366853.835801,05:00:53.835801,6857,0.81100000
1660366865.242801,05:01:05.242801,6859,0.87500000
1660366877.406801,05:01:17.406801,6861,0.97500000
1660366888.554801,05:01:28.554801,6863,0.85600000
1660366900.120801,05:01:40.120801,6865,0.59500000
1660366912.028801,05:01:52.028801,6867,0.84700000
1660366923.754801,05:02:03.754801,6869,0.83400000
1660366935.075801,05:02:15.075801,6871,0.80400000
1660366946.637801,05:02:26.637801,6873,0.86900000
1660366957.724801,05:02:37.724801,6875,0.40800000
1660366969.653801,05:02:49.653801,6877,0.70500000
1660366981.297801,05:03:01.297801,6879,0.73200000
1660366992.636801,05:03:12.636801,6881,0.33400000
1660367004.764801,05:03:24.764801,6883,0.91800000
1660367016.669801,05:03:36.669801,6885,0.73300000
1660367027.955801,05:03:47.955801,6887,0.84100000
1660367039.212801,05:03:59.212801,6889,0.38700000
1660367050.939801,05:04:10.939801,6891,0.69900000
1660367062.896801,05:04:22.896801,6893,1.00000000
1660367074.112801,05:04:34.112801,6895,0.71000000
1660367085.834801,05:04:45.834801,6897,0.81900000
1660367096.764801,05:04:56.764801,6899,0.43100000
1660367109.441801,05:05:09.441801,6901,1.00000000
1660367120.349801,05:05:20.349801,6903,0.51900000
1660367131.748801,05:05:31.748801,6905,0.53100000
1660367143.659801,05:05:43.659801,6907,0.80000000
1660367155.285801,05:05:55.285801,6909,0.48400000
1660367166.127801,05:06:06.127801,6911,0.51500000
1660367178.580801,05:06:18.580801,6913,0.81500000
1660367190.027801,05:06:30.027801,6915,0.57100000
1660367201.123801,05:06:41.123801,6917,0.30300000
1660367212.718801,05:06:52.718801,6919,0.28100000
1660367224.401801,05:07:04.401801,6921,0.09000000
1660367235.929801,05:07:15.929801,6923,0.20800000
1660367247.879801,05:07:27.879801,6925,0.20000000
1660367259.898801,05:07:39.898801,6927,0.59700000
1660367271.172801,05:07:51.172801,6929,0.18900000
1660367283.009801,05:08:03.009801,6931,0.68900000
1660367294.949801,05:08:14.949801,6933,0.96600000
1660367306.440801,05:08:26.440801,6935,0.57900000
1660367317.942801,05:08:37.942801,6937,0.70100000
1660367329.515801,05:08:49.515801,6939,0.57600000
1660367341.430801,05:09:01.430801,6941,0.98100000
1660367352.638801,05:09:12.638801,6943,0.55100000
1660367363.630801,05:09:23.630801,6945,0.08900000
1660367375.569801,05:09:35.569801,6947,0.47300000
1660367387.587801,05:09:47.587801,6949,0.79200000
1660367398.803801,05:09:58.803801,6951,0.72000000
1660367410.808801,05:10:10.808801,6953,0.82900000
1660367421.907801,05:10:21.907801,6955,0.52500000
1660367433.553801,05:10:33.553801,6957,0.34000000
1660367445.458801,05:10:45.458801,6959,0.79900000
1660367456.931801,05:10:56.931801,6961,0.49500000
1660367468.536801,05:11:08.536801,6963,0.62300000
1660367480.062801,05:11:20.062801,6965,0.41100000
1660367491.425801,05:11:31.425801,6967,0.42400000
1660367503.652801,05:11:43.652801,6969,0.92600000
1660367514.953801,05:11:54.953801,6971,0.75300000
1660367526.604801,05:12:06.604801,6973,0.68500000
1660367538.168801,05:12:18.168801,6975,0.96000000
1660367549.725801,05:12:29.725801,6977,0.98000000
1660367561.235801,05:12:41.235801,6979,0.70800000
1660367572.998801,05:12:52.998801,6981,0.99100000
1660367584.743801,05:13:04.743801,6983,0.99400000
1660367595.918801,05:13:15.918801,6985,0.53500000
1660367607.239801,05:13:27.239801,6987,0.48300000
1660367619.496801,05:13:39.496801,6989,0.78700000
1660367631.180801,05:13:51.180801,6991,0.91200000
1660367642.279801,05:14:02.279801,6993,0.58500000
1660367654.409801,05:14:14.409801,6995,0.95500000
1660367665.978801,05:14:25.978801,6997,0.93100000
1660367676.907801,05:14:36.907801,6999,0.51600000
1660367688.774801,05:14:48.774801,7001,0.70200000
1660367699.916801,05:14:59.916801,7003,0.36100000
1660367711.939801,05:15:11.939801,7005,0.82300000
1660367723.639801,05:15:23.639801,7007,0.64300000
1660367735.354801,05:15:35.354801,7009,0.93000000
1660367746.675801,05:15:46.675801,7011,0.69600000
1660367758.016801,05:15:58.016801,7013,0.53200000
1660367770.025801,05:16:10.025801,7015,0.82000000
1660367781.455801,05:16:21.455801,7017,0.58100000
1660367793.279801,05:16:33.279801,7019,0.98900000
1660367804.852801,05:16:44.852801,7021,1.00000000
1660367816.372801,05:16:56.372801,7023,0.93400000
1660367827.451801,05:17:07.451801,7025,0.48500000
1660367839.093801,05:17:19.093801,7027,0.64700000
1660367850.277801,05:17:30.277801,7029,0.25200000
1660367861.591801,05:17:41.591801,7031,0.08600000
1660367873.318801,05:17:53.318801,7033,0.09700000
1660367885.179801,05:18:05.179801,7035,0.39500000
1660367896.707801,05:18:16.707801,7037,0.23800000
1660367908.735801,05:18:28.735801,7039,0.77600000
1660367920.301801,05:18:40.301801,7041,0.67800000
1660367931.411801,05:18:51.411801,7043,0.42700000
1660367942.978801,05:19:02.978801,7045,0.18900000
1660367955.033801,05:19:15.033801,7047,0.58000000
1660367966.949801,05:19:26.949801,7049,0.82900000
1660367978.531801,05:19:38.531801,7051,0.83400000
1660367990.196801,05:19:50.196801,7053,0.96800000
1660368001.495801,05:20:01.495801,7055,0.66600000
1660368013.345801,05:20:13.345801,7057,0.98100000
1660368024.386801,05:20:24.386801,7059,0.57700000
1660368036.889801,05:20:36.889801,7061,0.97900000
1660368048.171801,05:20:48.171801,7063,0.88100000
1660368059.865801,05:20:59.865801,7065,0.84700000
1660368071.015801,05:21:11.015801,7067,0.50300000
1660368082.421801,05:21:22.421801,7069,0.28500000
1660368093.843801,05:21:33.843801,7071,0.16000000
1660368105.213801,05:21:45.213801,7073,0.05100000
1660368117.170801,05:21:57.170801,7075,0.38800000
1660368128.341801,05:22:08.341801,7077,0.02500000
1660368140.455801,05:22:20.455801,7079,0.52700000
1660368152.303801,05:22:32.303801,7081,0.75100000
1660368163.687801,05:22:43.687801,7083,0.49900000
1660368174.964801,05:22:54.964801,7085,0.01900000
1660368186.460801,05:23:06.460801,7087,0.31000000
1660368198.739801,05:23:18.739801,7089,0.80500000
1660368210.414801,05:23:30.414801,7091,0.92100000
1660368221.889801,05:23:41.889801,7093,0.94000000
1660368232.976801,05:23:52.976801,7095,0.50300000
1660368244.965801,05:24:04.965801,7097,0.63100000
1660368256.336801,05:24:16.336801,7099,0.69600000
1660368268.501801,05:24:28.501801,7101,0.99600000
1660368279.537801,05:24:39.537801,7103,0.55200000
1660368291.429801,05:24:51.429801,7105,0.51500000
1660368302.866801,05:25:02.866801,7107,0.71600000
1660368314.833801,05:25:14.833801,7109,0.73300000
1660368325.928801,05:25:25.928801,7111,0.35700000
1660368337.125801,05:25:37.125801,7113,0.04600000
1660368348.725801,05:25:48.725801,7115,0.01800000
1660368360.786801,05:26:00.786801,7117,0.36000000
1660368372.676801,05:26:12.676801,7119,0.68200000
1660368384.013801,05:26:24.013801,7121,0.48700000
1660368395.775801,05:26:35.775801,7123,0.59300000
1660368407.271801,05:26:47.271801,7125,0.74600000
1660368419.002801,05:26:59.002801,7127,0.78400000
1660368430.089801,05:27:10.089801,7129,0.33900000
1660368441.376801,05:27:21.376801,7131,0.07200000
1660368453.569801,05:27:33.569801,7133,0.34400000
1660368465.541801,05:27:45.541801,7135,0.94800000
1660368476.999801,05:27:56.999801,7137,0.72500000
1660368488.540801,05:28:08.540801,7139,0.54900000
1660368500.434801,05:28:20.434801,7141,0.94900000
1660368512.040801,05:28:32.040801,7143,0.91500000
1660368523.356801,05:28:43.356801,7145,0.59200000
1660368534.322801,05:28:54.322801,7147,0.11400000
1660368546.309801,05:29:06.309801,7149,0.21600000
1660368558.344801,05:29:18.344801,7151,0.79000000
1660368569.608801,05:29:29.608801,7153,0.51400000
1660368581.547801,05:29:41.547801,7155,0.77000000
1660368592.899801,05:29:52.899801,7157,0.36200000
1660368604.990801,05:30:04.990801,7159,0.76300000
1660368616.528801,05:30:16.528801,7161,0.67300000
1660368628.188801,05:30:28.188801,7163,0.82900000
1660368639.602801,05:30:39.602801,7165,0.87500000
1660368651.025801,05:30:51.025801,7167,0.60600000
1660368662.998801,05:31:02.998801,7169,0.93900000
1660368674.201801,05:31:14.201801,7171,0.60800000
1660368686.056801,05:31:26.056801,7173,0.81500000
1660368697.531801,05:31:37.531801,7175,0.86500000
1660368708.871801,05:31:48.871801,7177,0.74600000
1660368720.241801,05:32:00.241801,7179,0.56700000
1660368732.232801,05:32:12.232801,7181,0.96900000
1660368743.416801,05:32:23.416801,7183,0.71000000
1660368755.069801,05:32:35.069801,7185,0.58800000
1660368766.429801,05:32:46.429801,7187,0.56000000
1660368778.371801,05:32:58.371801,7189,0.84400000
1660368789.940801,05:33:09.940801,7191,0.97900000
1660368801.911801,05:33:21.911801,7193,0.90000000
1660368813.057801,05:33:33.057801,7195,0.45200000
1660368824.164801,05:33:44.164801,7197,0.00000000
1660368835.862801,05:33:55.862801,7199,0.13700000
1660368847.791801,05:34:07.791801,7201,0.58200000
1660368859.792801,05:34:19.792801,7203,0.96200000
1660368870.865801,05:34:30.865801,7205,0.53900000
1660368882.040801,05:34:42.040801,7207,0.31300000
1660368893.516801,05:34:53.516801,7209,0.12000000
1660368906.044801,05:35:06.044801,7211,0.77900000
1660368917.491801,05:35:17.491801,7213,0.75200000
1660368929.067801,05:35:29.067801,7215,0.74800000
1660368940.779801,05:35:40.779801,7217,0.92800000
1660368952.065801,05:35:52.065801,7219,0.53700000
1660368963.604801,05:36:03.604801,7221,0.54900000
1660368974.845801,05:36:14.845801,7223,0.09100000
1660368987.154801,05:36:27.154801,7225,0.91400000
1660368998.566801,05:36:38.566801,7227,0.75200000
1660369010.465801,05:36:50.465801,7229,0.96700000
1660369022.357801,05:37:02.357801,7231,0.98700000
1660369033.597801,05:37:13.597801,7233,0.78300000
1660369045.419801,05:37:25.419801,7235,0.98900000
1660369056.684801,05:37:36.684801,7237,0.61400000
1660369068.761801,05:37:48.761801,7239,0.93900000
1660369080.202801,05:38:00.202801,7241,0.94800000
1660369091.810801,05:38:11.810801,7243,0.72800000
1660369103.045801,05:38:23.045801,7245,0.27800000
1660369114.438801,05:38:34.438801,7247,0.14900000
1660369126.289801,05:38:46.289801,7249,0.67800000
1660369138.020801,05:38:58.020801,7251,0.79100000
1660369149.650801,05:39:09.650801,7253,0.78500000
1660369160.601801,05:39:20.601801,7255,0.32000000
1660369172.407801,05:39:32.407801,7257,0.50000000
1660369184.235801,05:39:44.235801,7259,0.76000000
1660369195.499801,05:39:55.499801,7261,0.36900000
1660369207.612801,05:40:07.612801,7263,0.82400000
1660369218.870801,05:40:18.870801,7265,0.60800000
1660369229.946801,05:40:29.946801,7267,0.21100000
1660369242.362801,05:40:42.362801,7269,0.86400000
1660369253.877801,05:40:53.877801,7271,0.81100000
1660369265.434801,05:41:05.434801,7273,0.66700000
1660369276.899801,05:41:16.899801,7275,0.67800000
1660369288.642801,05:41:28.642801,7277,0.90500000
1660369300.072801,05:41:40.072801,7279,0.52700000
1660369311.662801,05:41:51.662801,7281,0.67000000
1660369323.517801,05:42:03.517801,7283,0.90200000
1660369334.983801,05:42:14.983801,7285,0.95400000
1660369346.385801,05:42:26.385801,7287,0.71900000
1660369357.648801,05:42:37.648801,7289,0.50900000
1660369368.995801,05:42:48.995801,7291,0.09600000
1660369380.999801,05:43:00.999801,7293,0.67400000
1660369392.363801,05:43:12.363801,7295,0.64700000
1660369403.818801,05:43:23.818801,7297,0.47000000
1660369415.814801,05:43:35.814801,7299,0.89300000
1660369427.404801,05:43:47.404801,7301,0.81200000
1660369438.596801,05:43:58.596801,7303,0.64800000
1660369450.571801,05:44:10.571801,7305,0.98800000
1660369462.089801,05:44:22.089801,7307,0.99900000
1660369473.270801,05:44:33.270801,7309,0.59800000
1660369484.885801,05:44:44.885801,7311,0.72000000
1660369496.331801,05:44:56.331801,7313,0.37900000
1660369508.174801,05:45:08.174801,7315,0.72000000
1660369520.012801,05:45:20.012801,7317,0.95400000
1660369531.473801,05:45:31.473801,7319,0.85900000
1660369543.272801,05:45:43.272801,7321,0.96800000
1660369554.459801,05:45:54.459801,7323,0.66700000
1660369565.617801,05:46:05.617801,7325,0.40300000
1660369577.247801,05:46:17.247801,7327,0.17100000
1660369588.685801,05:46:28.685801,7329,0.19800000
1660369600.818801,05:46:40.818801,7331,0.68600000
1660369612.335801,05:46:52.335801,7333,0.89700000
1660369623.715801,05:47:03.715801,7335,0.70000000
1660369635.085801,05:47:15.085801,7337,0.22600000
1660369646.912801,05:47:26.912801,7339,0.45100000
1660369658.972801,05:47:38.972801,7341,0.88600000
1660369670.205801,05:47:50.205801,7343,0.42700000
1660369682.125801,05:48:02.125801,7345,0.98100000
1660369693.923801,05:48:13.923801,7347,0.98100000
1660369705.161801,05:48:25.161801,7349,0.84500000
1660369716.844801,05:48:36.844801,7351,0.98400000
1660369728.303801,05:48:48.303801,7353,0.66400000
1660369740.284801,05:49:00.284801,7355,0.99500000
1660369751.810801,05:49:11.810801,7357,0.92700000
1660369762.982801,05:49:22.982801,7359,0.65400000
1660369774.224801,05:49:34.224801,7361,0.43200000
1660369785.959801,05:49:45.959801,7363,0.39400000
1660369796.918801,05:49:56.918801,7365,0.02600000
1660369808.592801,05:50:08.592801,7367,0.19900000
1660369820.366801,05:50:20.366801,7369,0.22500000
1660369832.310801,05:50:32.310801,7371,0.74600000
1660369843.594801,05:50:43.594801,7373,0.26400000
1660369855.624801,05:50:55.624801,7375,0.66100000
1660369867.398801,05:51:07.398801,7377,0.99200000
1660369878.893801,05:51:18.893801,7379,0.63500000
1660369890.500801,05:51:30.500801,7381,0.84000000
1660369902.075801,05:51:42.075801,7383,0.71700000
1660369913.340801,05:51:53.340801,7385,0.53100000
1660369925.207801,05:52:05.207801,7387,0.73400000
1660369936.852801,05:52:16.852801,7389,0.68100000
1660369948.168801,05:52:28.168801,7391,0.71900000
1660369960.246801,05:52:40.246801,7393,0.82600000
1660369971.264801,05:52:51.264801,7395,0.40700000
1660369983.460801,05:53:03.460801,7397,0.88500000
1660369994.570801,05:53:14.570801,7399,0.80700000
1660370005.770801,05:53:25.770801,7401,0.36000000
1660370017.716801,05:53:37.716801,7403,0.60200000
1660370029.469801,05:53:49.469801,7405,0.71500000
1660370040.765801,05:54:00.765801,7407,0.46200000
1660370052.139801,05:54:12.139801,7409,0.15500000
1660370063.981801,05:54:23.981801,7411,0.59700000
1660370075.778801,05:54:35.778801,7413,0.66000000
1660370087.797801,05:54:47.797801,7415,0.99400000
1660370098.925801,05:54:58.925801,7417,0.90700000
1660370110.449801,05:55:10.449801,7419,0.74700000
1660370122.096801,05:55:22.096801,7421,0.56200000
1660370133.630801,05:55:33.630801,7423,0.61500000
1660370145.595801,05:55:45.595801,7425,0.85800000
1660370156.896801,05:55:56.896801,7427,0.46600000
1660370169.054801,05:56:09.054801,7429,0.99700000
1660370180.022801,05:56:20.022801,7431,0.54800000
1660370191.415801,05:56:31.415801,7433,0.29200000
1660370203.238801,05:56:43.238801,7435,0.45400000
1660370215.349801,05:56:55.349801,7437,0.79700000
1660370226.456801,05:57:06.456801,7439,0.55900000
1660370238.132801,05:57:18.132801,7441,0.58600000
1660370249.826801,05:57:29.826801,7443,0.66400000
1660370260.973801,05:57:40.973801,7445,0.34200000
1660370272.257801,05:57:52.257801,7447,0.25100000
1660370284.481801,05:58:04.481801,7449,0.84000000
1660370296.271801,05:58:16.271801,7451,0.99700000
1660370307.946801,05:58:27.946801,7453,0.81000000
1660370319.144801,05:58:39.144801,7455,0.69100000
1660370330.760801,05:58:50.760801,7457,0.60000000
1660370342.784801,05:59:02.784801,7459,0.82600000
1660370353.741801,05:59:13.741801,7461,0.34600000
1660370365.946801,05:59:25.946801,7463,0.87300000
1660370377.518801,05:59:37.518801,7465,0.65000000
1660370388.609801,05:59:48.609801,7467,0.19600000
1660370400.394801,06:00:00.394801,7469,0.48900000
1660370412.557801,06:00:12.557801,7471,0.83600000
1660370424.252801,06:00:24.252801,7473,0.97900000
1660370435.601801,06:00:35.601801,7475,0.64500000
1660370447.337801,06:00:47.337801,7477,0.96200000
1660370458.813801,06:00:58.813801,7479,0.92400000
1660370470.223801,06:01:10.223801,7481,0.74200000
1660370481.235801,06:01:21.235801,7483,0.47900000
1660370492.952802,06:01:32.952802,7485,0.45700000
1660370504.558801,06:01:44.558801,7487,0.33700000
1660370516.164801,06:01:56.164801,7489,0.59100000
1660370528.318801,06:02:08.318801,7491,0.85200000
1660370539.531801,06:02:19.531801,7493,0.57800000
1660370550.758801,06:02:30.758801,7495,0.14800000
1660370562.624801,06:02:42.624801,7497,0.50700000
1660370574.435801,06:02:54.435801,7499,0.83800000
1660370585.879801,06:03:05.879801,7501,0.91300000
1660370597.196801,06:03:17.196801,7503,0.51900000
1660370609.263801,06:03:29.263801,7505,0.98500000
1660370620.889801,06:03:40.889801,7507,1.00000000
1660370631.993801,06:03:51.993801,7509,0.52600000
1660370643.630801,06:04:03.630801,7511,0.63200000
1660370655.118801,06:04:15.118801,7513,0.32600000
1660370667.064801,06:04:27.064801,7515,0.83200000
1660370679.072801,06:04:39.072801,7517,0.95000000
1660370690.104801,06:04:50.104801,7519,0.66400000
1660370701.549801,06:05:01.549801,7521,0.38700000
1660370713.386801,06:05:13.386801,7523,0.75600000
1660370725.138801,06:05:25.138801,7525,0.92600000
1660370736.451801,06:05:36.451801,7527,0.48100000
1660370747.893801,06:05:47.893801,7529,0.46000000
1660370759.432801,06:05:59.432801,7531,0.41500000
1660370771.633801,06:06:11.633801,7533,0.96600000
1660370782.833801,06:06:22.833801,7535,0.77300000
1660370794.383801,06:06:34.383801,7537,0.57600000
1660370806.248801,06:06:46.248801,7539,0.98100000
1660370817.337801,06:06:57.337801,7541,0.54700000
1660370828.744801,06:07:08.744801,7543,0.56100000
1660370840.815801,06:07:20.815801,7545,0.84600000
1660370851.639801,06:07:31.639801,7547,0.46200000
1660370864.071801,06:07:44.071801,7549,0.80200000
1660370875.698801,06:07:55.698801,7551,0.99800000
1660370887.012801,06:08:07.012801,7553,0.66500000
1660370898.611801,06:08:18.611801,7555,0.92100000
1660370910.594801,06:08:30.594801,7557,0.92400000
1660370921.707801,06:08:41.707801,7559,0.86100000
1660370933.329801,06:08:53.329801,7561,0.66900000
1660370944.650801,06:09:04.650801,7563,0.47600000
1660370956.277801,06:09:16.277801,7565,0.52600000
1660370968.094801,06:09:28.094801,7567,0.90300000
1660370979.650801,06:09:39.650801,7569,0.64100000
1660370991.261801,06:09:51.261801,7571,0.69500000
1660371002.728801,06:10:02.728801,7573,0.66100000
1660371014.642802,06:10:14.642802,7575,0.82800000
1660371025.753801,06:10:25.753801,7577,0.41400000
1660371037.701801,06:10:37.701801,7579,0.90600000
1660371049.324801,06:10:49.324801,7581,0.58200000
1660371061.031801,06:11:01.031801,7583,0.84900000
1660371072.656801,06:11:12.656801,7585,0.95200000
1660371083.875801,06:11:23.875801,7587,0.70100000
1660371095.932801,06:11:35.932801,7589,0.93000000
1660371107.413801,06:11:47.413801,7591,0.59900000
1660371119.057801,06:11:59.057801,7593,0.91000000
1660371130.084801,06:12:10.084801,7595,0.43100000
1660371142.361801,06:12:22.361801,7597,0.99100000
1660371153.319801,06:12:33.319801,7599,0.60800000
1660371165.406801,06:12:45.406801,7601,0.85100000
1660371176.970801,06:12:56.970801,7603,0.85600000
1660371188.602801,06:13:08.602801,7605,0.95700000
1660371200.150801,06:13:20.150801,7607,0.78700000
1660371211.804801,06:13:31.804801,7609,0.66300000
1660371223.504801,06:13:43.504801,7611,1.00000000
1660371234.790801,06:13:54.790801,7613,0.74400000
1660371246.429801,06:14:06.429801,7615,0.84700000
1660371258.014801,06:14:18.014801,7617,0.86000000
1660371269.142801,06:14:29.142801,7619,0.65200000
1660371280.756801,06:14:40.756801,7621,0.24100000
1660371292.666801,06:14:52.666801,7623,0.74900000
1660371303.784801,06:15:03.784801,7625,0.40900000
1660371315.836801,06:15:15.836801,7627,0.69500000
1660371327.378801,06:15:27.378801,7629,0.59800000
1660371339.087801,06:15:39.087801,7631,0.58100000
1660371350.838801,06:15:50.838801,7633,0.92200000
1660371362.157801,06:16:02.157801,7635,0.49000000
1660371374.381801,06:16:14.381801,7637,0.95200000
1660371385.433801,06:16:25.433801,7639,0.61600000
1660371397.245801,06:16:37.245801,7641,0.82100000
1660371408.908801,06:16:48.908801,7643,0.96400000
1660371420.524801,06:17:00.524801,7645,0.84300000
1660371432.312801,06:17:12.312801,7647,0.92300000
1660371443.494801,06:17:23.494801,7649,0.62200000
1660371455.130801,06:17:35.130801,7651,0.52800000
1660371466.915801,06:17:46.915801,7653,0.67300000
1660371478.067801,06:17:58.067801,7655,0.23000000
1660371489.899801,06:18:09.899801,7657,0.74100000
1660371501.449801,06:18:21.449801,7659,0.44300000
1660371513.157801,06:18:33.157801,7661,0.75200000
1660371524.891801,06:18:44.891801,7663,0.65100000
1660371536.106801,06:18:56.106801,7665,0.61600000
1660371548.153801,06:19:08.153801,7667,0.95800000
1660371559.221801,06:19:19.221801,7669,0.52500000
1660371570.990801,06:19:30.990801,7671,0.74400000
1660371582.527801,06:19:42.527801,7673,0.44500000
1660371594.278801,06:19:54.278801,7675,0.91900000
1660371606.088801,06:20:06.088801,7677,0.94500000
1660371617.453801,06:20:17.453801,7679,0.92500000
1660371628.779801,06:20:28.779801,7681,0.65800000
1660371640.833801,06:20:40.833801,7683,0.87600000
1660371651.829801,06:20:51.829801,7685,0.46800000
1660371663.873801,06:21:03.873801,7687,0.93400000
1660371675.636801,06:21:15.636801,7689,0.83800000
1660371687.073801,06:21:27.073801,7691,0.69700000
1660371699.038801,06:21:39.038801,7693,0.90100000
1660371710.190801,06:21:50.190801,7695,0.53500000
1660371721.806801,06:22:01.806801,7697,0.54800000
1660371733.058801,06:22:13.058801,7699,0.28800000
1660371744.942801,06:22:24.942801,7701,0.59700000
1660371756.955801,06:22:36.955801,7703,0.95700000
1660371768.323801,06:22:48.323801,7705,0.57900000
1660371780.001801,06:23:00.001801,7707,0.71300000
1660371791.223801,06:23:11.223801,7709,0.52600000
1660371802.917801,06:23:22.917801,7711,0.56100000
1660371813.812800,06:23:33.812800,7713,0.98100000
1660371825.210800,06:23:45.210800,7715,0.51500000
1660371837.036800,06:23:57.036800,7717,0.70100000
1660371848.604800,06:24:08.604800,7719,0.94100000
1660371860.281800,06:24:20.281800,7721,0.94400000
1660371871.852800,06:24:31.852800,7723,0.47400000
1660371883.561800,06:24:43.561800,7725,0.96400000
1660371894.865800,06:24:54.865800,7727,0.96400000
1660371906.568800,06:25:06.568800,7729,0.53500000
1660371918.068800,06:25:18.068800,7731,0.87300000
1660371929.580800,06:25:29.580800,7733,0.65100000
1660371941.361800,06:25:41.361800,7735,0.35600000
1660371952.805800,06:25:52.805800,7737,0.99400000
1660371964.282800,06:26:04.282800,7739,0.88600000

